,Month,Time,Position,ADC
0,1,00:00:00,157.8695425,0
1,1,00:10:00,160.8407384,0
2,1,00:20:00,163.8119343,0
3,1,00:30:00,166.7831302,0
4,1,00:40:00,169.7543261,0
5,1,00:50:00,172.725522,0
6,1,01:00:00,175.6967179,0
7,1,01:10:00,178.6679138,0
8,1,01:20:00,181.6391097,650
9,1,01:30:00,184.6103056,650
10,1,01:40:00,187.5815016,650
11,1,01:50:00,190.5526975,650
12,1,02:00:00,193.5238934,650
13,1,02:10:00,196.4950893,650
14,1,02:20:00,199.4662852,650
15,1,02:30:00,202.4374811,650
16,1,02:40:00,205.408677,650
17,1,02:50:00,208.3798729,650
18,1,03:00:00,211.351071,650
19,1,03:10:00,214.3222647,650
20,1,03:20:00,217.2934606,650
21,1,03:30:00,220.2646565,650
22,1,03:40:00,223.2358524,650
23,1,03:50:00,226.2070483,650
24,1,04:00:00,229.1782442,650
25,1,04:10:00,232.1494401,650
26,1,04:20:00,235.1206361,650
27,1,04:30:00,238.091832,650
28,1,04:40:00,241.0630279,650
29,1,04:50:00,244.0342238,650
30,1,05:00:00,247.0054197,650
31,1,05:10:00,249.9766156,650
32,1,05:20:00,252.9478115,650
33,1,05:30:00,255.9190074,650
34,1,05:40:00,258.8902033,650
35,1,05:50:00,261.8613992,650
36,1,06:00:00,264.8325951,650
37,1,06:10:00,267.803791,650
38,1,06:20:00,270.7749869,650
39,1,06:30:00,273.7461828,650
40,1,06:40:00,276.7173787,650
41,1,06:50:00,279.6505747,650
42,1,07:00:00,282.6597706,650
43,1,07:10:00,285.6309665,650
44,1,07:20:00,288.6021624,650
45,1,07:30:00,291.5733583,650
46,1,07:40:00,294.5445542,650
47,1,07:50:00,297.5157501,650
48,1,08:00:00,300.486946,650
49,1,08:10:00,303.4581419,650
50,1,08:20:00,306.0337808,650
51,1,08:30:00,309.4005337,650
52,1,08:40:00,312.3717296,650
53,1,08:50:00,315.3025528,650
54,1,09:00:00,318.3141214,650
55,1,09:10:00,321.2853173,650
56,1,09:20:00,324.2565132,650
57,1,09:30:00,327.2277092,650
58,1,09:40:00,330.1989051,650
59,1,09:50:00,333.170101,650
60,1,10:00:00,336.1412969,650
61,1,10:10:00,339.1124928,650
62,1,10:20:00,342.0836507,650
63,1,10:30:00,345.0548846,650
64,1,10:40:00,348.0260805,650
65,1,10:50:00,350.9972764,650
66,1,11:00:00,353.9684723,650
67,1,11:10:00,356.9396682,650
68,1,11:20:00,359.9108641,650
69,1,11:30:00,362.88206,650
70,1,11:40:00,365.8532559,650
71,1,11:50:00,368.8244518,650
72,1,12:00:00,56.05161077,650
73,1,12:10:00,53.08041487,650
74,1,12:20:00,50.10921896,650
75,1,12:30:00,47.13802305,650
76,1,12:40:00,44.16682715,650
77,1,12:50:00,41.19563124,650
78,1,13:00:00,38.22443534,650
79,1,13:10:00,35.25323943,650
80,1,13:20:00,32.28204352,650
81,1,13:30:00,29.31084762,650
82,1,13:40:00,26.33965171,650
83,1,13:50:00,23.3684558,650
84,1,14:00:00,20.3972599,650
85,1,14:10:00,17.42606399,650
86,1,14:20:00,14.45486808,650
87,1,14:30:00,11.48367218,650
88,1,14:40:00,8.512476272,650
89,1,14:50:00,5.541280365,650
90,1,15:00:00,2.570084459,650
91,1,15:10:00,0.401111447,1023
92,1,15:20:00,3.372307354,1023
93,1,15:30:00,6.34350326,1023
94,1,15:40:00,9.314699166,1023
95,1,15:50:00,12.28589507,1023
96,1,16:00:00,15.25709098,1023
97,1,16:10:00,18.22828711,1023
98,1,16:20:00,21.19948279,1023
99,1,16:30:00,24.1706787,1023
100,1,16:40:00,27.1418746,1023
101,1,16:50:00,30.11307051,1023
102,1,17:00:00,33.08426642,1023
103,1,17:10:00,36.05546232,1023
104,1,17:20:00,39.02665823,1023
105,1,17:30:00,41.99785414,1023
106,1,17:40:00,44.96905004,1023
107,1,17:50:00,47.94024595,1023
108,1,18:00:00,50.91144186,1023
109,1,18:10:00,53.88263776,1023
110,1,18:20:00,56.85383367,1023
111,1,18:30:00,59.82502957,1023
112,1,18:40:00,62.79622548,886
113,1,18:50:00,65.76742139,867
114,1,19:00:00,68.73861729,847
115,1,19:10:00,71.7098132,827
116,1,19:20:00,74.68100911,806
117,1,19:30:00,77.65220501,784
118,1,19:40:00,80.62340092,762
119,1,19:50:00,83.59459683,739
120,1,20:00:00,86.56579273,716
121,1,20:10:00,89.53698864,692
122,1,20:20:00,92.50818454,667
123,1,20:30:00,95.47938045,643
124,1,20:40:00,98.45057636,617
125,1,20:50:00,101.4217723,592
126,1,21:00:00,104.3929682,566
127,1,21:10:00,107.3641641,540
128,1,21:20:00,110.33536,514
129,1,21:30:00,113.3065559,488
130,1,21:40:00,116.2777518,462
131,1,21:50:00,119.2489477,436
132,1,22:00:00,122.2201436,0
133,1,22:10:00,125.1913395,0
134,1,22:20:00,128.1625354,0
135,1,22:30:00,131.1337313,0
136,1,22:40:00,134.1049272,0
137,1,22:50:00,137.0761231,0
138,1,23:00:00,140.047311,0
139,1,23:10:00,143.018515,0
140,1,23:20:00,145.9896509,0
141,1,23:30:00,148.9609068,0
142,1,23:40:00,151.9321027,0
143,1,23:50:00,154.9032986,0
144,2,00:00:00,151.4174668,0
145,2,00:10:00,154.1609511,0
146,2,00:20:00,156.1023435,0
147,2,00:30:00,159.6479195,0
148,2,00:40:00,162.3914037,0
149,2,00:50:00,165.134888,0
150,2,01:00:00,167.8783722,0
151,2,01:10:00,170.6218564,0
152,2,01:20:00,173.3653406,0
153,2,01:30:00,176.1088249,0
154,2,01:40:00,178.8523091,0
155,2,01:50:00,181.5957933,650
156,2,02:00:00,184.3392775,650
157,2,02:10:00,187.0827618,650
158,2,02:20:00,189.826246,650
159,2,02:30:00,192.5697302,650
160,2,02:40:00,195.3132144,650
161,2,02:50:00,198.0566987,650
162,2,03:00:00,200.8001829,650
163,2,03:10:00,203.5436671,650
164,2,03:20:00,206.2871513,650
165,2,03:30:00,209.0306356,650
166,2,03:40:00,211.7741198,650
167,2,03:50:00,214.517604,650
168,2,04:00:00,217.2610882,650
169,2,04:10:00,220.0045725,650
170,2,04:20:00,222.7480567,650
171,2,04:30:00,225.4915409,650
172,2,04:40:00,228.2350251,650
173,2,04:50:00,230.9785094,650
174,2,05:00:00,233.7219936,650
175,2,05:10:00,236.4654778,650
176,2,05:20:00,239.208962,650
177,2,05:30:00,241.9524463,650
178,2,05:40:00,244.6959305,650
179,2,05:50:00,247.4394147,650
180,2,06:00:00,250.1828989,650
181,2,06:10:00,252.9263832,650
182,2,06:20:00,255.6698674,650
183,2,06:30:00,258.4133516,650
184,2,06:40:00,261.1568358,650
185,2,06:50:00,263.9003201,650
186,2,07:00:00,266.6438008,650
187,2,07:10:00,269.3872885,650
188,2,07:20:00,272.1307727,650
189,2,07:30:00,274.874257,650
190,2,07:40:00,277.6177412,650
191,2,07:50:00,280.3612254,650
192,2,08:00:00,283.1047096,650
193,2,08:10:00,285.8481939,650
194,2,08:20:00,288.5916781,650
195,2,08:30:00,291.3351623,650
196,2,08:40:00,294.0786465,650
197,2,08:50:00,296.8221308,650
198,2,09:00:00,299.565615,650
199,2,09:10:00,302.3090992,650
200,2,09:20:00,305.0525834,650
201,2,09:30:00,307.7960677,650
202,2,09:40:00,310.5395519,650
203,2,09:50:00,313.2830361,650
204,2,10:00:00,316.0265203,650
205,2,10:10:00,318.7700046,650
206,2,10:20:00,321.5134888,650
207,2,10:30:00,324.256973,650
208,2,10:40:00,327.0004572,650
209,2,10:50:00,329.7439415,650
210,2,11:00:00,332.4874257,650
211,2,11:10:00,335.2309099,650
212,2,11:20:00,337.9743941,650
213,2,11:30:00,340.7178784,650
214,2,11:40:00,343.4613626,650
215,2,11:50:00,346.2048468,650
216,2,12:00:00,46.10882487,650
217,2,12:10:00,43.36534065,650
218,2,12:20:00,40.62185642,650
219,2,12:30:00,37.8783722,650
220,2,12:40:00,35.13488797,650
221,2,12:50:00,32.39140375,650
222,2,13:00:00,29.64791952,650
223,2,13:10:00,26.10234353,650
224,2,13:20:00,24.16095107,650
225,2,13:30:00,21.41746685,650
226,2,13:40:00,18.67398262,650
227,2,13:50:00,15.9304984,650
228,2,14:00:00,13.18701417,650
229,2,14:10:00,10.44352995,650
230,2,14:20:00,7.700045725,650
231,2,14:30:00,4.9565615,650
232,2,14:40:00,2.213077275,650
233,2,14:50:00,0.53040695,1023
234,2,15:00:00,3.273891175,1023
235,2,15:10:00,6.0173754,1023
236,2,15:20:00,8.760859625,1023
237,2,15:30:00,11.50434385,1023
238,2,15:40:00,14.24782807,1023
239,2,15:50:00,16.9913123,1023
240,2,16:00:00,19.73479652,1023
241,2,16:10:00,22.47828075,1023
242,2,16:20:00,25.22176497,1023
243,2,16:30:00,27.9652492,1023
244,2,16:40:00,30.70873342,1023
245,2,16:50:00,33.45221765,1023
246,2,17:00:00,36.19570187,1023
247,2,17:10:00,38.9391861,1023
248,2,17:20:00,41.68267032,1023
249,2,17:30:00,44.42615455,1023
250,2,17:40:00,47.16963877,1023
251,2,17:50:00,49.913123,1023
252,2,18:00:00,52.65660722,1023
253,2,18:10:00,55.40009145,1023
254,2,18:20:00,58.14357567,1023
255,2,18:30:00,60.8870599,898
256,2,18:40:00,63.63054412,881
257,2,18:50:00,66.37402835,863
258,2,19:00:00,69.11751257,845
259,2,19:10:00,71.8609968,826
260,2,19:20:00,74.60448102,806
261,2,19:30:00,77.34796525,786
262,2,19:40:00,80.09144947,766
263,2,19:50:00,82.8349337,745
264,2,20:00:00,85.57841792,723
265,2,20:10:00,88.32190215,702
266,2,20:20:00,91.06538637,679
267,2,20:30:00,93.8088706,657
268,2,20:40:00,96.55235482,634
269,2,20:50:00,99.29583102,610
270,2,21:00:00,102.0393233,587
271,2,21:10:00,104.7828075,563
272,2,21:20:00,107.5262917,539
273,2,21:30:00,110.2697759,515
274,2,21:40:00,113.0132602,491
275,2,21:50:00,115.7567444,466
276,2,22:00:00,118.5002286,442
277,2,22:10:00,121.2437128,0
278,2,22:20:00,123.9871971,0
279,2,22:30:00,126.7306813,0
280,2,22:40:00,129.4741655,0
281,2,22:50:00,132.2176497,0
282,2,23:00:00,134.961134,0
283,2,23:10:00,137.7046182,0
284,2,23:20:00,140.4481024,0
285,2,23:30:00,143.1915866,0
286,2,23:40:00,145.9350709,0
287,2,23:50:00,148.6785551,0
288,3,00:00:00,147.3632581,0
289,3,00:10:00,149.8737767,0
290,3,00:20:00,152.3805311,0
291,3,00:30:00,154.8948139,0
292,3,00:40:00,157.4053325,0
293,3,00:50:00,159.9158511,0
294,3,01:00:00,162.4263697,0
295,3,01:10:00,164.9365084,0
296,3,01:20:00,167.447407,0
297,3,01:30:00,169.9579256,0
298,3,01:40:00,172.4684442,0
299,3,01:50:00,174.9789628,0
300,3,02:00:00,177.4894814,0
301,3,02:10:00,180,0
302,3,02:20:00,182.5105186,650
303,3,02:30:00,185.0210372,650
304,3,02:40:00,187.5315558,650
305,3,02:50:00,190.0420744,650
306,3,03:00:00,192.552593,650
307,3,03:10:00,195.0631116,650
308,3,03:20:00,197.5736303,650
309,3,03:30:00,200.0841489,650
310,3,03:40:00,202.5946675,650
311,3,03:50:00,205.1051861,650
312,3,04:00:00,207.6157047,650
313,3,04:10:00,210.1262233,650
314,3,04:20:00,212.6367411,650
315,3,04:30:00,215.1472605,650
316,3,04:40:00,217.6577791,650
317,3,04:50:00,220.1682977,650
318,3,05:00:00,222.6788163,650
319,3,05:10:00,225.1893349,650
320,3,05:20:00,227.6998536,650
321,3,05:30:00,230.2103722,650
322,3,05:40:00,232.7208908,650
323,3,05:50:00,235.2314094,650
324,3,06:00:00,237.741928,650
325,3,06:10:00,240.2524466,650
326,3,06:20:00,242.7629652,650
327,3,06:30:00,245.2734838,650
328,3,06:40:00,247.7840024,650
329,3,06:50:00,250.294521,650
330,3,07:00:00,252.8050396,650
331,3,07:10:00,255.3155582,650
332,3,07:20:00,257.8260768,650
333,3,07:30:00,260.3365955,650
334,3,07:40:00,262.8471141,650
335,3,07:50:00,265.3576327,650
336,3,08:00:00,267.8681513,650
337,3,08:10:00,270.3786699,650
338,3,08:20:00,272.8891885,650
339,3,08:30:00,275.3997071,650
340,3,08:40:00,277.9102257,650
341,3,08:50:00,280.4207443,650
342,3,09:00:00,282.9312629,650
343,3,09:10:00,285.4417815,650
344,3,09:20:00,287.9523001,650
345,3,09:30:00,290.4628188,650
346,3,09:40:00,292.9733374,650
347,3,09:50:00,295.483856,650
348,3,10:00:00,297.9943746,650
349,3,10:10:00,300.5048932,650
350,3,10:20:00,303.0154118,650
351,3,10:30:00,305.5259304,650
352,3,10:40:00,308.036449,650
353,3,10:50:00,310.5469676,650
354,3,11:00:00,313.0574862,650
355,3,11:10:00,315.5680048,650
356,3,11:20:00,318.0785234,650
357,3,11:30:00,320.5810232,650
358,3,11:40:00,323.0995607,650
359,3,11:50:00,325.6100793,650
360,3,12:00:00,33.38989749,650
361,3,12:10:00,30.87937888,650
362,3,12:20:00,28.36506027,650
363,3,12:30:00,25.85834166,650
364,3,12:40:00,23.34782305,650
365,3,12:50:00,20.83730445,650
366,3,13:00:00,18.32678584,650
367,3,13:10:00,15.81626723,650
368,3,13:20:00,13.30574862,650
369,3,13:30:00,10.79523001,650
370,3,13:40:00,8.284711407,650
371,3,13:50:00,5.774192799,650
372,3,14:00:00,3.26367411,650
373,3,14:10:00,0.753155582,650
374,3,14:20:00,1.757363026,1023
375,3,14:30:00,4.267881634,1023
376,3,14:40:00,6.778400242,1023
377,3,14:50:00,9.28891885,1023
378,3,15:00:00,11.79943746,1023
379,3,15:10:00,14.30995607,1023
380,3,15:20:00,16.82047467,1023
381,3,15:30:00,19.33099328,1023
382,3,15:40:00,21.84151189,1023
383,3,15:50:00,24.3520305,1023
384,3,16:00:00,26.86254911,1023
385,3,16:10:00,29.37306771,1023
386,3,16:20:00,31.88358632,1023
387,3,16:30:00,34.39410493,1023
388,3,16:40:00,36.10236235,1023
389,3,16:50:00,39.41514215,1023
390,3,17:00:00,41.92566075,1023
391,3,17:10:00,44.43617936,1023
392,3,17:20:00,46.94669797,1023
393,3,17:30:00,49.45721658,1023
394,3,17:40:00,51.96773519,1023
395,3,17:50:00,54.47825379,1023
396,3,18:00:00,56.9887724,1023
397,3,18:10:00,59.49929101,1023
398,3,18:20:00,62.00980962,891
399,3,18:30:00,64.52032823,875
400,3,18:40:00,67.03084684,859
401,3,18:50:00,69.54136544,842
402,3,19:00:00,72.05188405,825
403,3,19:10:00,74.56240266,807
404,3,19:20:00,77.07292127,788
405,3,19:30:00,79.58343988,770
406,3,19:40:00,82.09395848,751
407,3,19:50:00,84.60447709,731
408,3,20:00:00,87.1149957,711
409,3,20:10:00,89.62551431,691
410,3,20:20:00,92.13603292,670
411,3,20:30:00,94.64655152,650
412,3,20:40:00,97.15707013,628
413,3,20:50:00,99.66758874,607
414,3,21:00:00,102.1781073,585
415,3,21:10:00,104.650626,564
416,3,21:20:00,107.1991446,542
417,3,21:30:00,109.7096632,520
418,3,21:40:00,112.2201818,498
419,3,21:50:00,114.7307004,475
420,3,22:00:00,117.241219,453
421,3,22:10:00,119.7517376,431
422,3,22:20:00,122.2622562,0
423,3,22:30:00,124.7727748,0
424,3,22:40:00,127.2832934,0
425,3,22:50:00,129.793812,0
426,3,23:00:00,132.3043306,0
427,3,23:10:00,134.8148493,0
428,3,23:20:00,137.3253679,0
429,3,23:30:00,139.8358865,0
430,3,23:40:00,142.3464051,0
431,3,23:50:00,144.8569237,0
432,4,00:00:00,144.4578441,0
433,4,00:10:00,146.7508864,0
434,4,00:20:00,149.0439287,0
435,4,00:30:00,151.3369711,0
436,4,00:40:00,153.6300134,0
437,4,00:50:00,155.9230557,0
438,4,01:00:00,158.216098,0
439,4,01:10:00,160.5091403,0
440,4,01:20:00,162.8021826,0
441,4,01:30:00,165.095225,0
442,4,01:40:00,167.3882673,0
443,4,01:50:00,169.6813096,0
444,4,02:00:00,171.9743519,0
445,4,02:10:00,174.2673942,0
446,4,02:20:00,176.5604365,0
447,4,02:30:00,178.8534788,0
448,4,02:40:00,181.1465212,650
449,4,02:50:00,183.4395635,650
450,4,03:00:00,185.7326058,650
451,4,03:10:00,188.0256481,650
452,4,03:20:00,190.3186102,650
453,4,03:30:00,192.6117327,650
454,4,03:40:00,194.1023775,650
455,4,03:50:00,197.1978174,650
456,4,04:00:00,199.4908597,650
457,4,04:10:00,201.783902,650
458,4,04:20:00,204.0769443,650
459,4,04:30:00,206.3699866,650
460,4,04:40:00,208.6630289,650
461,4,04:50:00,210.9560713,650
462,4,05:00:00,213.2491136,650
463,4,05:10:00,215.5421559,650
464,4,05:20:00,217.8351982,650
465,4,05:30:00,220.1282405,650
466,4,05:40:00,222.4212828,650
467,4,05:50:00,224.7143251,650
468,4,06:00:00,227.0073675,650
469,4,06:10:00,229.3004098,650
470,4,06:20:00,231.5934521,650
471,4,06:30:00,233.8864944,650
472,4,06:40:00,236.1795367,650
473,4,06:50:00,238.472579,650
474,4,07:00:00,240.7656214,650
475,4,07:10:00,243.0586637,650
476,4,07:20:00,245.351706,650
477,4,07:30:00,247.6447483,650
478,4,07:40:00,249.9377906,650
479,4,07:50:00,252.2308329,650
480,4,08:00:00,254.5238752,650
481,4,08:10:00,256.8169176,650
482,4,08:20:00,259.1099599,650
483,4,08:30:00,261.4030022,650
484,4,08:40:00,263.6960445,650
485,4,08:50:00,265.9890868,650
486,4,09:00:00,268.2821291,650
487,4,09:10:00,270.5751714,650
488,4,09:20:00,272.8682138,650
489,4,09:30:00,275.1612561,650
490,4,09:40:00,277.4508393,650
491,4,09:50:00,279.7473407,650
492,4,10:00:00,282.040383,650
493,4,10:10:00,284.3334253,650
494,4,10:20:00,286.6264677,650
495,4,10:30:00,288.91951,650
496,4,10:40:00,291.2125523,650
497,4,10:50:00,293.5055946,650
498,4,11:00:00,295.7986369,650
499,4,11:10:00,298.0916792,650
500,4,11:20:00,300.3847215,650
501,4,11:30:00,302.6777639,650
502,4,11:40:00,304.9708062,650
503,4,11:50:00,307.2638485,650
504,4,12:00:00,20.63738084,650
505,4,12:10:00,18.34433852,650
506,4,12:20:00,16.05129621,650
507,4,12:30:00,13.75825389,650
508,4,12:40:00,11.46521158,650
509,4,12:50:00,9.17216926,650
510,4,13:00:00,6.879126945,650
511,4,13:10:00,4.58608463,650
512,4,13:20:00,2.293042315,650
513,4,13:30:00,0,1023
514,4,13:40:00,2.293042315,1023
515,4,13:50:00,4.58608463,1023
516,4,14:00:00,6.879126945,1023
517,4,14:10:00,9.17216926,1023
518,4,14:20:00,11.46521158,1023
519,4,14:30:00,13.75825389,1023
520,4,14:40:00,16.05129621,1023
521,4,14:50:00,18.34433852,1023
522,4,15:00:00,20.63738084,1023
523,4,15:10:00,22.93042315,1023
524,4,15:20:00,25.22346547,1023
525,4,15:30:00,27.51650778,1023
526,4,15:40:00,29.8095501,1023
527,4,15:50:00,32.10259241,1023
528,4,16:00:00,34.39563473,1023
529,4,16:10:00,36.65067704,1023
530,4,16:20:00,38.98171936,1023
531,4,16:30:00,41.27476167,1023
532,4,16:40:00,43.56780399,1023
533,4,16:50:00,45.8608463,1023
534,4,17:00:00,48.15388862,1023
535,4,17:10:00,50.44693093,1023
536,4,17:20:00,52.73997325,1023
537,4,17:30:00,55.03301556,1023
538,4,17:40:00,57.32605788,1023
539,4,17:50:00,59.61910019,1023
540,4,18:00:00,61.91214251,892
541,4,18:10:00,64.20518482,877
542,4,18:20:00,66.49822714,862
543,4,18:30:00,68.79126945,847
544,4,18:40:00,71.08431177,831
545,4,18:50:00,73.37735408,815
546,4,19:00:00,75.6703964,799
547,4,19:10:00,77.96343871,782
548,4,19:20:00,80.25648103,765
549,4,19:30:00,82.54952334,747
550,4,19:40:00,84.84256566,729
551,4,19:50:00,87.13560797,711
552,4,20:00:00,89.42865029,693
553,4,20:10:00,91.7216926,674
554,4,20:20:00,94.01473492,655
555,4,20:30:00,96.30777724,636
556,4,20:40:00,98.60081955,616
557,4,20:50:00,100.8938619,597
558,4,21:00:00,103.1861023,577
559,4,21:10:00,105.4799465,557
560,4,21:20:00,107.7729888,537
561,4,21:30:00,110.0660311,517
562,4,21:40:00,112.3590734,496
563,4,21:50:00,114.6521158,476
564,4,22:00:00,116.9451581,456
565,4,22:10:00,119.2382004,436
566,4,22:20:00,121.5312427,0
567,4,22:30:00,123.824285,0
568,4,22:40:00,126.1173273,0
569,4,22:50:00,128.4103696,0
570,4,23:00:00,130.703412,0
571,4,23:10:00,132.9964543,0
572,4,23:20:00,135.2894966,0
573,4,23:30:00,137.5825389,0
574,4,23:40:00,139.8755812,0
575,4,23:50:00,142.1686235,0
576,5,00:00:00,141.5194283,0
577,5,00:10:00,143.6572379,0
578,5,00:20:00,145.7950474,0
579,5,00:30:00,147.9328569,0
580,5,00:40:00,150.0706665,0
581,5,00:50:00,152.208476,0
582,5,01:00:00,154.3462856,0
583,5,01:10:00,156.4840951,0
584,5,01:20:00,158.6211024,0
585,5,01:30:00,160.7597142,0
586,5,01:40:00,162.8975237,0
587,5,01:50:00,165.0353332,0
588,5,02:00:00,167.1731428,0
589,5,02:10:00,169.3109523,0
590,5,02:20:00,171.4487619,0
591,5,02:30:00,173.5865714,0
592,5,02:40:00,175.7243809,0
593,5,02:50:00,177.8621102,0
594,5,03:00:00,180,0
595,5,03:10:00,182.1378095,650
596,5,03:20:00,184.2756191,650
597,5,03:30:00,186.4134286,650
598,5,03:40:00,188.5512381,650
599,5,03:50:00,190.6810238,650
600,5,04:00:00,192.8268572,650
601,5,04:10:00,194.9646668,650
602,5,04:20:00,197.1024763,650
603,5,04:30:00,199.2402858,650
604,5,04:40:00,201.3780954,650
605,5,04:50:00,203.5151024,650
606,5,05:00:00,205.6537144,650
607,5,05:10:00,207.791524,650
608,5,05:20:00,209.9293335,650
609,5,05:30:00,212.0671431,650
610,5,05:40:00,214.2049526,650
611,5,05:50:00,216.3427621,650
612,5,06:00:00,218.4805717,650
613,5,06:10:00,220.6183812,650
614,5,06:20:00,222.7561907,650
615,5,06:30:00,224.8940003,650
616,5,06:40:00,227.0318098,650
617,5,06:50:00,229.1696194,650
618,5,07:00:00,231.3074289,650
619,5,07:10:00,233.4452384,650
620,5,07:20:00,235.583048,650
621,5,07:30:00,237.7208575,650
622,5,07:40:00,239.858667,650
623,5,07:50:00,241.9964766,650
624,5,08:00:00,244.1342861,650
625,5,08:10:00,246.2720956,650
626,5,08:20:00,248.4099052,650
627,5,08:30:00,250.5477147,650
628,5,08:40:00,252.6855243,650
629,5,08:50:00,254.8233338,650
630,5,09:00:00,256.9611433,650
631,5,09:10:00,259.0989529,650
632,5,09:20:00,261.2367624,650
633,5,09:30:00,263.3745719,650
634,5,09:40:00,265.5123815,650
635,5,09:50:00,267.650191,650
636,5,10:00:00,269.7880006,650
637,5,10:10:00,271.9258101,650
638,5,10:20:00,274.0636196,650
639,5,10:30:00,276.2010165,650
640,5,10:40:00,278.3392387,650
641,5,10:50:00,280.4770482,650
642,5,11:00:00,282.6148578,650
643,5,11:10:00,284.7526673,650
644,5,11:20:00,286.8102377,650
645,5,11:30:00,289.0282864,650
646,5,11:40:00,291.1660959,650
647,5,11:50:00,293.3039055,650
648,5,12:00:00,12.39929531,650
649,5,12:10:00,10.26148578,650
650,5,12:20:00,8.123676241,650
651,5,12:30:00,5.985866704,650
652,5,12:40:00,3.848057167,650
653,5,12:50:00,1.65024763,650
654,5,13:00:00,0.427561907,1023
655,5,13:10:00,2.565371444,1023
656,5,13:20:00,4.703180981,1023
657,5,13:30:00,6.840990518,1023
658,5,13:40:00,8.978800055,1023
659,5,13:50:00,11.11660959,1023
660,5,14:00:00,13.25441913,1023
661,5,14:10:00,15.39222867,1023
662,5,14:20:00,17.5300382,1023
663,5,14:30:00,19.66784774,1023
664,5,14:40:00,21.80565728,1023
665,5,14:50:00,23.94346681,1023
666,5,15:00:00,26.08127635,1023
667,5,15:10:00,28.21908589,1023
668,5,15:20:00,30.35689543,1023
669,5,15:30:00,32.49470496,1023
670,5,15:40:00,34.6325145,1023
671,5,15:50:00,36.77032404,1023
672,5,16:00:00,38.90813357,1023
673,5,16:10:00,41.04594311,1023
674,5,16:20:00,43.18375265,1023
675,5,16:30:00,45.32156218,1023
676,5,16:40:00,47.45937172,1023
677,5,16:50:00,49.59718126,1023
678,5,17:00:00,51.7349908,1023
679,5,17:10:00,53.87280033,1023
680,5,17:20:00,56.01060987,1023
681,5,17:30:00,58.14841941,1023
682,5,17:40:00,60.28622894,902
683,5,17:50:00,62.42403848,889
684,5,18:00:00,64.56184802,875
685,5,18:10:00,66.69965755,861
686,5,18:20:00,68.83746709,847
687,5,18:30:00,70.97527663,832
688,5,18:40:00,73.11308617,817
689,5,18:50:00,75.2508957,797
690,5,19:00:00,77.38870524,777
691,5,19:10:00,79.52651478,757
692,5,19:20:00,81.66432431,737
693,5,19:30:00,83.80213385,737
694,5,19:40:00,85.93994339,721
695,5,19:50:00,88.07775292,703
696,5,20:00:00,90.21556246,686
697,5,20:10:00,92.353372,669
698,5,20:20:00,94.49118154,651
699,5,20:30:00,96.62899107,633
700,5,20:40:00,98.76680061,615
701,5,20:50:00,100.102361,596
702,5,21:00:00,103.0424197,578
703,5,21:10:00,105.1802292,559
704,5,21:20:00,107.3180388,541
705,5,21:30:00,109.4558483,522
706,5,21:40:00,111.5936578,503
707,5,21:50:00,113.7314674,484
708,5,22:00:00,115.8692769,465
709,5,22:10:00,118.0070864,447
650,5,22:20:00,120.144896,0
711,5,22:30:00,122.2827055,0
712,5,22:40:00,124.4205151,0
713,5,22:50:00,126.5583246,0
714,5,23:00:00,128.6961341,0
715,5,23:10:00,130.8339437,0
716,5,23:20:00,132.9717532,0
717,5,23:30:00,135.1095627,0
718,5,23:40:00,137.2473723,0
719,5,23:50:00,139.3851818,0
720,6,00:00:00,139.2405985,0
721,6,00:10:00,141.3096036,0
722,6,00:20:00,143.3786088,0
723,6,00:30:00,145.4476139,0
724,6,00:40:00,147.5166191,0
725,6,00:50:00,149.5856242,0
726,6,01:00:00,151.6546294,0
727,6,01:10:00,153.7236346,0
728,6,01:20:00,155.7926397,0
729,6,01:30:00,157.8616449,0
730,6,01:40:00,159.93065,0
731,6,01:50:00,161.9996552,0
732,6,02:00:00,164.0686603,0
733,6,02:10:00,166.1376655,0
734,6,02:20:00,168.2066706,0
735,6,02:30:00,170.2756758,0
736,6,02:40:00,172.3446809,0
737,6,02:50:00,174.4136861,0
738,6,03:00:00,176.4826912,0
739,6,03:10:00,178.5516964,0
740,6,03:20:00,180.6207015,650
741,6,03:30:00,182.6897067,650
742,6,03:40:00,184.7587119,650
743,6,03:50:00,186.827717,650
744,6,04:00:00,188.8967222,650
745,6,04:10:00,190.9657273,650
746,6,04:20:00,193.0347325,650
747,6,04:30:00,195.1037376,650
748,6,04:40:00,197.1727428,650
749,6,04:50:00,199.2417479,650
750,6,05:00:00,201.3107531,650
751,6,05:10:00,203.3797582,650
752,6,05:20:00,205.4487634,650
753,6,05:30:00,207.5177685,650
754,6,05:40:00,209.5867737,650
755,6,05:50:00,211.6557788,650
756,6,06:00:00,213.724784,650
757,6,06:10:00,215.7937892,650
758,6,06:20:00,217.8627943,650
759,6,06:30:00,219.9317995,650
760,6,06:40:00,222.0008046,650
761,6,06:50:00,224.0698098,650
762,6,07:00:00,226.1388149,650
763,6,07:10:00,228.2078201,650
764,6,07:20:00,230.2768252,650
765,6,07:30:00,232.3458304,650
766,6,07:40:00,234.4148355,650
767,6,07:50:00,236.4838407,650
768,6,08:00:00,238.5528458,650
769,6,08:10:00,240.621851,650
770,6,08:20:00,242.6908561,650
771,6,08:30:00,244.7598613,650
772,6,08:40:00,246.8288665,650
773,6,08:50:00,248.8978716,650
774,6,09:00:00,250.9668768,650
775,6,09:10:00,253.0358819,650
776,6,09:20:00,255.1048871,650
777,6,09:30:00,257.1738922,650
778,6,09:40:00,259.2428974,650
779,6,09:50:00,261.3119025,650
780,6,10:00:00,263.3809077,650
781,6,10:10:00,265.4499128,650
782,6,10:20:00,267.518918,650
783,6,10:30:00,269.5879231,650
784,6,10:40:00,271.6569283,650
785,6,10:50:00,273.7259334,650
786,6,11:00:00,275.7949386,650
787,6,11:10:00,277.8639438,650
788,6,11:20:00,279.9329489,650
789,6,11:30:00,282.0019541,650
790,6,11:40:00,284.0709592,650
791,6,11:50:00,286.1399644,650
792,6,12:00:00,9.724324221,650
793,6,12:10:00,7.655319067,650
794,6,12:20:00,5.586313914,650
795,6,12:30:00,3.517308761,650
796,6,12:40:00,1.448303607,650
797,6,12:50:00,0.620701546,1023
798,6,13:00:00,2.689706699,1023
799,6,13:10:00,4.758711853,1023
800,6,13:20:00,6.827717006,1023
801,6,13:30:00,8.896722159,1023
802,6,13:40:00,10.96572731,1023
803,6,13:50:00,13.03473247,1023
804,6,14:00:00,15.10373762,1023
805,6,14:10:00,17.17274277,1023
806,6,14:20:00,19.24174793,1023
807,6,14:30:00,21.31075308,1023
808,6,14:40:00,23.37975823,1023
809,6,14:50:00,25.44876339,1023
810,6,15:00:00,27.51776854,1023
811,6,15:10:00,29.58677369,1023
812,6,15:20:00,31.65577885,1023
813,6,15:30:00,33.724784,1023
814,6,15:40:00,35.79378915,1023
815,6,15:50:00,37.86279431,1023
816,6,16:00:00,39.93179946,1023
817,6,16:10:00,42.00080461,1023
818,6,16:20:00,44.06980977,1023
819,6,16:30:00,46.13881492,1023
820,6,16:40:00,48.20782007,1023
821,6,16:50:00,50.27682523,1023
822,6,17:00:00,52.34583038,1023
823,6,17:10:00,54.41483553,1023
824,6,17:20:00,56.48384069,1023
825,6,17:30:00,58.55284584,1023
826,6,17:40:00,60.62185099,900
827,6,17:50:00,62.69085615,887
828,6,18:00:00,64.7598613,874
829,6,18:10:00,66.82886645,860
830,6,18:20:00,68.89787161,846
831,6,18:30:00,70.96687676,832
832,6,18:40:00,73.03588191,818
833,6,18:50:00,75.10488707,803
834,6,19:00:00,77.17389222,788
835,6,19:10:00,79.24289737,772
836,6,19:20:00,81.31190253,757
837,6,19:30:00,83.38090768,741
838,6,19:40:00,85.44991283,724
839,6,19:50:00,87.51891799,708
840,6,20:00:00,89.58792314,691
841,6,20:10:00,91.65692829,674
842,6,20:20:00,93.72593345,657
843,6,20:30:00,95.7949386,640
844,6,20:40:00,97.86394375,622
845,6,20:50:00,99.93294891,605
846,6,21:00:00,102.0019541,587
847,6,21:10:00,104.0709592,569
848,6,21:20:00,106.1399644,551
849,6,21:30:00,108.2089695,533
850,6,21:40:00,110.2779747,515
851,6,21:50:00,112.3469798,496
852,6,22:00:00,114.415985,478
853,6,22:10:00,116.4849901,460
854,6,22:20:00,118.5539953,442
855,6,22:30:00,120.6230004,0
856,6,22:40:00,122.6920056,0
857,6,22:50:00,124.7610107,0
858,6,23:00:00,126.8300159,0
859,6,23:10:00,128.8990211,0
860,6,23:20:00,130.9680262,0
861,6,23:30:00,133.0370314,0
862,6,23:40:00,135.1060365,0
863,6,23:50:00,137.1750417,0
864,7,00:00:00,138.6705258,0
865,7,00:10:00,140.7684687,0
866,7,00:20:00,142.8664115,0
867,7,00:30:00,144.9643544,0
868,7,00:40:00,147.0622972,0
869,7,00:50:00,149.1602401,0
870,7,01:00:00,151.2581829,0
871,7,01:10:00,153.3561258,0
872,7,01:20:00,155.4540686,0
873,7,01:30:00,157.5520115,0
874,7,01:40:00,159.6499544,0
875,7,01:50:00,161.7478972,0
876,7,02:00:00,163.8458401,0
877,7,02:10:00,165.9437829,0
878,7,02:20:00,168.0417258,0
879,7,02:30:00,170.1396686,0
880,7,02:40:00,172.2376115,0
881,7,02:50:00,174.3355543,0
882,7,03:00:00,176.4334972,0
883,7,03:10:00,178.53144,0
884,7,03:20:00,180.6293829,650
885,7,03:30:00,182.7273257,650
886,7,03:40:00,184.8252686,650
887,7,03:50:00,186.9232114,650
888,7,04:00:00,189.0211543,650
889,7,04:10:00,191.1190971,650
890,7,04:20:00,193.21704,650
891,7,04:30:00,195.3149828,650
892,7,04:40:00,197.4129257,650
893,7,04:50:00,199.5108685,650
894,7,05:00:00,201.6088114,650
895,7,05:10:00,203.7067542,650
896,7,05:20:00,205.8046971,650
897,7,05:30:00,207.9026399,650
898,7,05:40:00,210.0005828,650
899,7,05:50:00,212.0985256,650
900,7,06:00:00,214.1964685,650
901,7,06:10:00,216.2944113,650
902,7,06:20:00,218.3923542,650
903,7,06:30:00,220.490297,650
904,7,06:40:00,222.5882399,650
905,7,06:50:00,224.6861827,650
906,7,07:00:00,226.7841256,650
907,7,07:10:00,228.8820684,650
908,7,07:20:00,230.9800113,650
909,7,07:30:00,233.0779541,650
910,7,07:40:00,235.175897,650
911,7,07:50:00,237.2738398,650
912,7,08:00:00,239.3717827,650
913,7,08:10:00,241.4697255,650
914,7,08:20:00,243.5676684,650
915,7,08:30:00,245.6656112,650
916,7,08:40:00,247.7635541,650
917,7,08:50:00,249.8614969,650
918,7,09:00:00,251.9594398,650
919,7,09:10:00,254.0573826,650
920,7,09:20:00,256.1553255,650
921,7,09:30:00,258.2532683,650
922,7,09:40:00,260.3512112,650
923,7,09:50:00,262.449154,650
924,7,10:00:00,264.5470969,650
925,7,10:10:00,266.6450397,650
926,7,10:20:00,268.7082575,650
927,7,10:30:00,270.8409254,650
928,7,10:40:00,272.9388683,650
929,7,10:50:00,275.0368111,650
930,7,11:00:00,277.134754,650
931,7,11:10:00,279.2326968,650
932,7,11:20:00,281.3306397,650
933,7,11:30:00,283.4285825,650
934,7,11:40:00,285.5265254,650
935,7,11:50:00,287.6244682,650
936,7,12:00:00,12.37786282,650
937,7,12:10:00,10.27991997,650
938,7,12:20:00,8.181977117,650
939,7,12:30:00,6.084034266,650
940,7,12:40:00,3.986091416,650
941,7,12:50:00,1.888148565,650
942,7,13:00:00,0.209794285,1023
943,7,13:10:00,2.307737136,1023
944,7,13:20:00,4.405679986,1023
945,7,13:30:00,6.503622836,1023
946,7,13:40:00,8.601565687,1023
947,7,13:50:00,10.69950854,1023
948,7,14:00:00,12.79745139,1023
949,7,14:10:00,14.89539424,1023
950,7,14:20:00,16.99333709,1023
951,7,14:30:00,19.09127994,1023
952,7,14:40:00,21.18922279,1023
953,7,14:50:00,23.28716564,1023
954,7,15:00:00,25.38510849,1023
955,7,15:10:00,27.48305134,1023
956,7,15:20:00,29.58099419,1023
957,7,15:30:00,31.67893704,1023
958,7,15:40:00,33.77687989,1023
959,7,15:50:00,35.87482274,1023
960,7,16:00:00,37.97276559,1023
961,7,16:10:00,40.07070844,1023
962,7,16:20:00,42.16865129,1023
963,7,16:30:00,44.26659415,1023
964,7,16:40:00,46.364537,1023
965,7,16:50:00,48.46247985,1023
966,7,17:00:00,50.5604227,1023
967,7,17:10:00,52.65836555,1023
968,7,17:20:00,54.7563084,1023
969,7,17:30:00,56.85425125,1023
970,7,17:40:00,58.9521941,1023
971,7,17:50:00,61.05013694,897
972,7,18:00:00,63.1480798,884
973,7,18:10:00,65.24602265,871
974,7,18:20:00,67.3439655,857
975,7,18:30:00,69.44190835,843
976,7,18:40:00,71.5398512,828
977,7,18:50:00,73.63779405,813
978,7,19:00:00,75.7357369,798
979,7,19:10:00,77.83367975,783
980,7,19:20:00,79.9316226,767
981,7,19:30:00,82.02956545,751
982,7,19:40:00,84.1275083,735
983,7,19:50:00,86.22545115,718
984,7,20:00:00,88.32339401,701
985,7,20:10:00,90.42133686,684
986,7,20:20:00,92.51927971,667
987,7,20:30:00,94.61722256,650
988,7,20:40:00,96.71516541,632
989,7,20:50:00,98.81310826,614
990,7,21:00:00,100.9110511,596
991,7,21:10:00,103.008994,578
992,7,21:20:00,105.1069368,560
993,7,21:30:00,107.2048797,542
994,7,21:40:00,109.3028225,523
995,7,21:50:00,111.4007654,505
996,7,22:00:00,113.4987082,486
997,7,22:10:00,115.5966511,468
998,7,22:20:00,117.6945939,449
999,7,22:30:00,119.7925368,431
1000,7,22:40:00,121.810238,0
1001,7,22:50:00,123.9884225,0
1002,7,23:00:00,126.0863653,0
1003,7,23:10:00,128.1843082,0
1004,7,23:20:00,130.282251,0
1005,7,23:30:00,132.3801939,0
1006,7,23:40:00,134.4781367,0
1007,7,23:50:00,136.5760796,0
1008,8,00:00:00,141.9522446,0
1009,8,00:10:00,144.1772595,0
1010,8,00:20:00,146.4022745,0
1011,8,00:30:00,148.6272894,0
1012,8,00:40:00,150.8523043,0
1013,8,00:50:00,153.0773193,0
1014,8,01:00:00,155.3023342,0
1015,8,01:10:00,157.5273491,0
1016,8,01:20:00,159.7523641,0
1017,8,01:30:00,161.977379,0
1018,8,01:40:00,164.202394,0
1019,8,01:50:00,166.4274089,0
1020,8,02:00:00,168.6524238,0
1021,8,02:10:00,170.8774388,0
1022,8,02:20:00,173.1024537,0
1023,8,02:30:00,175.3274686,0
1024,8,02:40:00,177.5524836,0
1025,8,02:50:00,179.7774985,0
1026,8,03:00:00,182.0025134,650
1027,8,03:10:00,184.2275284,650
1028,8,03:20:00,186.4525433,650
1029,8,03:30:00,188.6775583,650
1030,8,03:40:00,190.9025732,650
1031,8,03:50:00,193.1275881,650
1032,8,04:00:00,195.3526031,650
1033,8,04:10:00,197.577618,650
1034,8,04:20:00,199.8026329,650
1035,8,04:30:00,202.0276479,650
1036,8,04:40:00,204.2526628,650
1037,8,04:50:00,206.4776777,650
1038,8,05:00:00,208.7026927,650
1039,8,05:10:00,210.9277076,650
1040,8,05:20:00,213.1527226,650
1041,8,05:30:00,215.3777375,650
1042,8,05:40:00,217.6027524,650
1043,8,05:50:00,219.8277674,650
1044,8,06:00:00,222.0527823,650
1045,8,06:10:00,224.2777972,650
1046,8,06:20:00,226.5028122,650
1047,8,06:30:00,228.7278271,650
1048,8,06:40:00,230.952842,650
1049,8,06:50:00,233.177857,650
1050,8,07:00:00,235.4028719,650
1051,8,07:10:00,237.6278869,650
1052,8,07:20:00,239.8529018,650
1053,8,07:30:00,242.0779167,650
1054,8,07:40:00,244.3029317,650
1055,8,07:50:00,246.5279466,650
1056,8,08:00:00,248.7529615,650
1057,8,08:10:00,250.9779765,650
1058,8,08:20:00,253.2029914,650
1059,8,08:30:00,255.4280063,650
1060,8,08:40:00,257.6530213,650
1061,8,08:50:00,259.8780362,650
1062,8,09:00:00,262.1030512,650
1063,8,09:10:00,264.3280661,650
1064,8,09:20:00,266.553081,650
1065,8,09:30:00,268.778096,650
1066,8,09:40:00,271.0031109,650
1067,8,09:50:00,273.2281258,650
1068,8,10:00:00,275.4531408,650
1069,8,10:10:00,277.6781557,650
1070,8,10:20:00,279.9031706,650
1071,8,10:30:00,282.1281856,650
1072,8,10:40:00,284.3532005,650
1073,8,10:50:00,286.5782155,650
1074,8,11:00:00,288.8032304,650
1075,8,11:10:00,291.0282453,650
1076,8,11:20:00,293.2532603,650
1077,8,11:30:00,295.4782752,650
1078,8,11:40:00,297.7032901,650
1079,8,11:50:00,299.9283051,650
1080,8,12:00:00,18.24512248,650
1081,8,12:10:00,16.02010754,650
1082,8,12:20:00,13.79509261,650
1083,8,12:30:00,11.57007767,650
1084,8,12:40:00,9.345062733,650
1085,8,12:50:00,7.120047797,650
1086,8,13:00:00,4.89503286,650
1087,8,13:10:00,2.670017924,650
1088,8,13:20:00,0.445002987,650
1089,8,13:30:00,1.780011949,1023
1090,8,13:40:00,4.005026506,1023
1091,8,13:50:00,6.230041822,1023
1092,8,14:00:00,8.455056758,1023
1093,8,14:10:00,10.68007169,1023
1094,8,14:20:00,12.90508663,1023
1095,8,14:30:00,15.13010157,1023
1096,8,14:40:00,17.3551165,1023
1097,8,14:50:00,19.58013144,1023
1098,8,15:00:00,21.80514638,1023
1099,8,15:10:00,24.03016131,1023
1100,8,15:20:00,26.25517625,1023
1101,8,15:30:00,28.48019119,1023
1102,8,15:40:00,30.70520612,1023
1103,8,15:50:00,32.93022106,1023
1104,8,16:00:00,35.155236,1023
1105,8,16:10:00,37.38025093,1023
1106,8,16:20:00,39.60526587,1023
1107,8,16:30:00,41.83028081,1023
1108,8,16:40:00,44.05529574,1023
1109,8,16:50:00,46.28031068,1023
1110,8,17:00:00,48.50532561,1023
1111,8,17:10:00,50.73034055,1023
1112,8,17:20:00,52.95535549,1023
1113,8,17:30:00,55.18037042,1023
1114,8,17:40:00,57.40538536,1023
1115,8,17:50:00,59.6304003,1023
1116,8,18:00:00,61.85541523,892
1117,8,18:10:00,64.08043017,878
1118,8,18:20:00,66.30544511,864
1119,8,18:30:00,68.53046004,849
1120,8,18:40:00,70.75547498,834
1121,8,18:50:00,72.98048992,818
1122,8,19:00:00,75.20550485,802
1123,8,19:10:00,77.43051979,786
1124,8,19:20:00,79.65553472,769
1125,8,19:30:00,81.88054966,752
1126,8,19:40:00,84.1055646,735
1127,8,19:50:00,86.33057953,717
1128,8,20:00:00,88.55559447,700
1129,8,20:10:00,90.78060941,682
1130,8,20:20:00,93.00562434,663
1131,8,20:30:00,95.23063928,645
1132,8,20:40:00,97.45565422,626
1133,8,20:50:00,99.68066915,607
1134,8,21:00:00,101.9056841,588
1135,8,21:10:00,104.130699,569
1136,8,21:20:00,106.355714,549
1137,8,21:30:00,108.5807289,530
1138,8,21:40:00,110.8057438,510
1139,8,21:50:00,113.0307588,490
1140,8,22:00:00,115.2557737,471
1141,8,22:10:00,117.4807886,451
1142,8,22:20:00,119.7058036,432
1143,8,22:30:00,121.9308185,0
1144,8,22:40:00,124.1558335,0
1145,8,22:50:00,126.3808484,0
1146,8,23:00:00,128.6058633,0
1147,8,23:10:00,130.8308783,0
1148,8,23:20:00,133.0558932,0
1149,8,23:30:00,135.2809081,0
1150,8,23:40:00,137.5059231,0
1151,8,23:50:00,139.730938,0
1152,9,00:00:00,148.7896234,0
1153,9,00:10:00,151.2090325,0
1154,9,00:20:00,153.6284415,0
1155,9,00:30:00,156.0478505,0
1156,9,00:40:00,158.4672596,0
1157,9,00:50:00,160.8866686,0
1158,9,01:00:00,163.3060776,0
1159,9,01:10:00,165.7254867,0
1160,9,01:20:00,168.1448957,0
1161,9,01:30:00,170.5643048,0
1162,9,01:40:00,172.9837138,0
1163,9,01:50:00,175.4031228,0
1164,9,02:00:00,177.8225319,0
1165,9,02:10:00,180.2419409,650
1166,9,02:20:00,182.6613499,650
1167,9,02:30:00,185.080759,650
1168,9,02:40:00,187.500168,650
1169,9,02:50:00,189.9195771,650
1170,9,03:00:00,192.3389861,650
1171,9,03:10:00,194.7583951,650
1172,9,03:20:00,197.1778042,650
1173,9,03:30:00,199.5972132,650
1174,9,03:40:00,202.0166222,650
1175,9,03:50:00,204.4360313,650
1176,9,04:00:00,206.8554403,650
1177,9,04:10:00,209.2748493,650
1178,9,04:20:00,211.6942584,650
1179,9,04:30:00,214.1136674,650
1180,9,04:40:00,216.5330765,650
1181,9,04:50:00,218.9524855,650
1182,9,05:00:00,221.3718945,650
1183,9,05:10:00,223.7913036,650
1184,9,05:20:00,226.2107126,650
1185,9,05:30:00,228.6301216,650
1186,9,05:40:00,231.0495307,650
1187,9,05:50:00,233.4689397,650
1188,9,06:00:00,235.8883488,650
1189,9,06:10:00,238.3077578,650
1190,9,06:20:00,240.7271668,650
1191,9,06:30:00,243.1465759,650
1192,9,06:40:00,245.5659849,650
1193,9,06:50:00,247.9853939,650
1194,9,07:00:00,250.404803,650
1195,9,07:10:00,252.824212,650
1196,9,07:20:00,255.243621,650
1197,9,07:30:00,257.6630301,650
1198,9,07:40:00,260.0824391,650
1199,9,07:50:00,262.5018482,650
1200,9,08:00:00,264.9212572,650
1201,9,08:10:00,267.3406662,650
1202,9,08:20:00,269.7600753,650
1203,9,08:30:00,272.1794843,650
1204,9,08:40:00,274.5988933,650
1205,9,08:50:00,277.0183024,650
1206,9,09:00:00,279.4377114,650
1207,9,09:10:00,281.8571205,650
1208,9,09:20:00,284.2765295,650
1209,9,09:30:00,286.6959385,650
1210,9,09:40:00,289.1153476,650
1211,9,09:50:00,291.5347566,650
1212,9,10:00:00,293.9541656,650
1213,9,10:10:00,296.3735747,650
1214,9,10:20:00,298.7929837,650
1215,9,10:30:00,301.2123928,650
1216,9,10:40:00,303.6318018,650
1217,9,10:50:00,306.0512108,650
1218,9,11:00:00,308.4706199,650
1219,9,11:10:00,310.8900289,650
1220,9,11:20:00,313.3094379,650
1221,9,11:30:00,315.728847,650
1222,9,11:40:00,318.148256,650
1223,9,11:50:00,320.567665,650
1224,9,12:00:00,25.40379489,650
1225,9,12:10:00,22.98438585,650
1226,9,12:20:00,20.56497681,650
1227,9,12:30:00,18.14556778,650
1228,9,12:40:00,15.72615874,650
1229,9,12:50:00,13.3067497,650
1230,9,13:00:00,10.88734067,650
1231,9,13:10:00,8.467931629,650
1232,9,13:20:00,6.048522592,650
1233,9,13:30:00,3.629113555,650
1234,9,13:40:00,1.209704518,650
1235,9,13:50:00,1.209704518,1023
1236,9,14:00:00,3.629113555,1023
1237,9,14:10:00,6.048522592,1023
1238,9,14:20:00,8.467931629,1023
1239,9,14:30:00,10.88734067,1023
1240,9,14:40:00,13.3067497,1023
1241,9,14:50:00,15.72615874,1023
1242,9,15:00:00,18.14556778,1023
1243,9,15:10:00,20.56497681,1023
1244,9,15:20:00,22.98438585,1023
1245,9,15:30:00,25.40379489,1023
1246,9,15:40:00,27.82320392,1023
1247,9,15:50:00,30.24261296,1023
1248,9,16:00:00,32.662022,1023
1249,9,16:10:00,35.08143104,1023
1250,9,16:20:00,37.50084007,1023
1251,9,16:30:00,39.92024911,1023
1252,9,16:40:00,42.33965815,1023
1253,9,16:50:00,44.75906718,1023
1254,9,17:00:00,47.17847622,1023
1255,9,17:10:00,49.59788526,1023
1256,9,17:20:00,52.01721023,1023
1257,9,17:30:00,54.43670333,1023
1258,9,17:40:00,56.85611237,1023
1259,9,17:50:00,59.27552141,1023
1260,9,18:00:00,61.69493044,893
1261,9,18:10:00,64.11433948,878
1262,9,18:20:00,66.53374852,862
1263,9,18:30:00,68.95315755,846
1264,9,18:40:00,71.37256659,829
1265,9,18:50:00,73.79197563,812
1266,9,19:00:00,76.21138466,795
1267,9,19:10:00,78.6307937,777
1268,9,19:20:00,81.05020274,759
1269,9,19:30:00,83.46961177,740
1270,9,19:40:00,85.88902081,721
1271,9,19:50:00,88.30808483,702
1272,9,20:00:00,90.72783889,682
1273,9,20:10:00,93.14724792,662
1274,9,20:20:00,95.56665696,642
1275,9,20:30:00,97.986066,621
1276,9,20:40:00,100.405475,601
1277,9,20:50:00,102.8248841,580
1278,9,21:00:00,105.2403107,559
1279,9,21:10:00,107.6637021,538
1280,9,21:20:00,110.0831112,516
1281,9,21:30:00,112.5025202,495
1282,9,21:40:00,114.9219293,474
1283,9,21:50:00,117.3413383,452
1284,9,22:00:00,119.7607473,431
1285,9,22:10:00,122.1801564,0
1286,9,22:20:00,124.5995654,0
1287,9,22:30:00,127.0189744,0
1288,9,22:40:00,129.4383835,0
1289,9,22:50:00,131.8577925,0
1290,9,23:00:00,134.2772016,0
1291,9,23:10:00,136.6966106,0
1292,9,23:20:00,139.1160196,0
1293,9,23:30:00,141.5354287,0
1294,9,23:40:00,143.9548377,0
1295,9,23:50:00,146.3742467,0
1296,10,00:00:00,156.9361055,0
1297,10,00:10:00,159.5871278,0
1298,10,00:20:00,162.2381502,0
1299,10,00:30:00,164.8891725,0
1300,10,00:40:00,167.5401949,0
1301,10,00:50:00,170.1912173,0
1302,10,01:00:00,172.8422396,0
1303,10,01:10:00,175.493262,0
1304,10,01:20:00,178.1442843,0
1305,10,01:30:00,180.7953067,650
1306,10,01:40:00,183.4463291,650
1307,10,01:50:00,186.0973514,650
1308,10,02:00:00,188.7483738,650
1309,10,02:10:00,191.3993962,650
1310,10,02:20:00,194.0504185,650
1311,10,02:30:00,196.7014409,650
1312,10,02:40:00,199.3524632,650
1313,10,02:50:00,202.0034856,650
1314,10,03:00:00,204.654508,650
1315,10,03:10:00,207.3055303,650
1316,10,03:20:00,209.9565527,650
1317,10,03:30:00,212.6075751,650
1318,10,03:40:00,215.2585974,650
1319,10,03:50:00,217.9096198,650
1320,10,04:00:00,220.5606421,650
1321,10,04:10:00,223.2116645,650
1322,10,04:20:00,225.8626869,650
1323,10,04:30:00,228.5137092,650
1324,10,04:40:00,231.1647316,650
1325,10,04:50:00,233.8157539,650
1326,10,05:00:00,236.4667763,650
1327,10,05:10:00,239.1177987,650
1328,10,05:20:00,241.765021,650
1329,10,05:30:00,244.4198434,650
1330,10,05:40:00,247.0708658,650
1331,10,05:50:00,249.7218881,650
1332,10,06:00:00,252.3729105,650
1333,10,06:10:00,255.0239328,650
1334,10,06:20:00,257.6749552,650
1335,10,06:30:00,260.3259776,650
1336,10,06:40:00,262.9769999,650
1337,10,06:50:00,265.6280223,650
1338,10,07:00:00,268.2650235,650
1339,10,07:10:00,270.930067,650
1340,10,07:20:00,273.5810894,650
1341,10,07:30:00,276.2321117,650
1342,10,07:40:00,278.8831341,650
1343,10,07:50:00,281.5341565,650
1344,10,08:00:00,284.1851788,650
1345,10,08:10:00,286.8362012,650
1346,10,08:20:00,289.4872235,650
1347,10,08:30:00,292.1382459,650
1348,10,08:40:00,294.7892683,650
1349,10,08:50:00,297.4402906,650
1350,10,09:00:00,300.091313,650
1351,10,09:10:00,302.7423354,650
1352,10,09:20:00,305.3933577,650
1353,10,09:30:00,308.0443801,650
1354,10,09:40:00,310.6954024,650
1355,10,09:50:00,313.3464248,650
1356,10,10:00:00,315.9974472,650
1357,10,10:10:00,318.6484695,650
1358,10,10:20:00,321.2994919,650
1359,10,10:30:00,323.9505142,650
1360,10,10:40:00,326.6015366,650
1361,10,10:50:00,329.252559,650
1362,10,11:00:00,331.9035813,650
1363,10,11:10:00,334.5546037,650
1364,10,11:20:00,337.2056261,650
1365,10,11:30:00,339.8566484,650
1366,10,11:40:00,342.5076708,650
1367,10,11:50:00,345.1586931,650
1368,10,12:00:00,33.93308623,650
1369,10,12:10:00,31.28206387,650
1370,10,12:20:00,28.63104151,650
1371,10,12:30:00,25.98001915,650
1372,10,12:40:00,23.32899678,650
1373,10,12:50:00,20.67797442,650
1374,10,13:00:00,18.02695206,650
1375,10,13:10:00,15.3759297,650
1376,10,13:20:00,12.72490734,650
1377,10,13:30:00,10.07388498,650
1378,10,13:40:00,7.422862613,650
1379,10,13:50:00,4.771840251,650
1380,10,14:00:00,2.120817889,650
1381,10,14:10:00,0.530204472,1023
1382,10,14:20:00,3.181226834,1023
1383,10,14:30:00,5.832249196,1023
1384,10,14:40:00,8.483271558,1023
1385,10,14:50:00,11.13039198,1023
1386,10,15:00:00,13.78531628,1023
1387,10,15:10:00,16.43633864,1023
1388,10,15:20:00,19.08736101,1023
1389,10,15:30:00,21.73838337,1023
1390,10,15:40:00,24.38940573,1023
1391,10,15:50:00,27.04042809,1023
1392,10,16:00:00,29.69145045,1023
1393,10,16:10:00,32.34247281,1023
1394,10,16:20:00,34.99349518,1023
1395,10,16:30:00,37.64451754,1023
1396,10,16:40:00,40.2955399,1023
1397,10,16:50:00,42.94656226,1023
1398,10,17:00:00,45.59758462,1023
1399,10,17:10:00,48.24860699,1023
1400,10,17:20:00,50.89962935,1023
1401,10,17:30:00,53.55065171,1023
1402,10,17:40:00,56.20167407,1023
1403,10,17:50:00,58.85269643,1023
1404,10,18:00:00,61.5037188,894
1405,10,18:10:00,64.15474116,878
1406,10,18:20:00,66.80576352,860
1407,10,18:30:00,69.45678588,843
1408,10,18:40:00,72.10780824,824
1409,10,18:50:00,74.7588306,805
1410,10,19:00:00,77.40985297,786
1411,10,19:10:00,80.06087533,766
1412,10,19:20:00,82.71189769,746
1413,10,19:30:00,85.36292005,725
1414,10,19:40:00,88.01394241,704
1415,10,19:50:00,90.66496478,682
1416,10,20:00:00,93.31598714,661
1417,10,20:10:00,95.9670095,638
1418,10,20:20:00,98.61803186,616
1419,10,20:30:00,101.2690542,593
1420,10,20:40:00,103.9200766,570
1421,10,20:50:00,106.5650989,547
1422,10,21:00:00,109.2221213,524
1423,10,21:10:00,111.8731437,501
1424,10,21:20:00,114.524166,477
1425,10,21:30:00,117.1751884,454
1426,10,21:40:00,119.8262108,431
1427,10,21:50:00,122.4772331,0
1428,10,22:00:00,125.1282555,0
1429,10,22:10:00,127.7792778,0
1430,10,22:20:00,130.4303002,0
1431,10,22:30:00,133.0813226,0
1432,10,22:40:00,135.7323449,0
1433,10,22:50:00,138.3833673,0
1434,10,23:00:00,141.0343897,0
1435,10,23:10:00,143.685412,0
1436,10,23:20:00,146.3364344,0
1437,10,23:30:00,148.9874567,0
1438,10,23:40:00,151.6384791,0
1439,10,23:50:00,154.2895015,0
1440,11,00:00:00,163.715232,0
1441,11,00:10:00,166.6232263,0
1442,11,00:20:00,169.5312205,0
1443,11,00:30:00,172.4392148,0
1444,11,00:40:00,175.3472091,0
1445,11,00:50:00,178.2552034,0
1446,11,01:00:00,181.1631977,650
1447,11,01:10:00,184.071192,650
1448,11,01:20:00,186.9791863,650
1449,11,01:30:00,189.8871806,650
1450,11,01:40:00,192.7951749,650
1451,11,01:50:00,195.7031692,650
1452,11,02:00:00,198.6111635,650
1453,11,02:10:00,201.5191578,650
1454,11,02:20:00,204.4271521,650
1455,11,02:30:00,207.3351463,650
1456,11,02:40:00,210.2431406,650
1457,11,02:50:00,213.1511349,650
1458,11,03:00:00,216.0591292,650
1459,11,03:10:00,218.9671235,650
1460,11,03:20:00,221.8751178,650
1461,11,03:30:00,224.7831121,650
1462,11,03:40:00,227.6911064,650
1463,11,03:50:00,230.5991007,650
1464,11,04:00:00,233.507095,650
1465,11,04:10:00,236.4150893,650
1466,11,04:20:00,239.3230836,650
1467,11,04:30:00,242.2310778,650
1468,11,04:40:00,245.1390721,650
1469,11,04:50:00,248.0470664,650
1470,11,05:00:00,250.9550607,650
1471,11,05:10:00,253.863055,650
1472,11,05:20:00,256.7650493,650
1473,11,05:30:00,259.6650234,650
1474,11,05:40:00,262.5870379,650
1475,11,05:50:00,265.4950322,650
1476,11,06:00:00,268.4030265,650
1477,11,06:10:00,271.3110208,650
1478,11,06:20:00,274.2190151,650
1479,11,06:30:00,277.1270093,650
1480,11,06:40:00,280.0350036,650
1481,11,06:50:00,282.9097927,650
1482,11,07:00:00,285.8509922,650
1483,11,07:10:00,288.7589865,650
1484,11,07:20:00,291.6669808,650
1485,11,07:30:00,294.5749751,650
1486,11,07:40:00,297.4829694,650
1487,11,07:50:00,300.3909637,650
1488,11,08:00:00,303.298958,650
1489,11,08:10:00,306.2069523,650
1490,11,08:20:00,309.1149466,650
1491,11,08:30:00,312.0229408,650
1492,11,08:40:00,314.9309351,650
1493,11,08:50:00,317.8389294,650
1494,11,09:00:00,320.7469237,650
1495,11,09:10:00,323.654918,650
1496,11,09:20:00,326.5629123,650
1497,11,09:30:00,329.4709066,650
1498,11,09:40:00,332.3789009,650
1499,11,09:50:00,335.2868952,650
1500,11,10:00:00,338.1948895,650
1501,11,10:10:00,341.1028838,650
1502,11,10:20:00,344.0108781,650
1503,11,10:30:00,346.9188723,650
1504,11,10:40:00,349.8268666,650
1505,11,10:50:00,352.7348609,650
1506,11,11:00:00,355.6428552,650
1507,11,11:10:00,358.5508495,650
1508,11,11:20:00,361.4588438,650
1509,11,11:30:00,364.3668381,650
1510,11,11:40:00,367.2748324,650
1511,11,11:50:00,370.1828267,650
1512,11,12:00:00,45.65551038,650
1513,11,12:10:00,42.74751609,650
1514,11,12:20:00,39.8395218,650
1515,11,12:30:00,36.9315275,650
1516,11,12:40:00,34.02353321,650
1517,11,12:50:00,31.11553892,650
1518,11,13:00:00,28.20754463,650
1519,11,13:10:00,25.29955034,650
1520,11,13:20:00,22.39155605,650
1521,11,13:30:00,19.48356175,650
1522,11,13:40:00,16.57556746,650
1523,11,13:50:00,13.66757317,650
1524,11,14:00:00,10.75957888,650
1525,11,14:10:00,7.851584588,650
1526,11,14:20:00,4.943590296,650
1527,11,14:30:00,2.035596004,650
1528,11,14:40:00,0.872398288,1023
1529,11,14:50:00,3.780392579,1023
1530,11,15:00:00,6.650386871,1023
1531,11,15:10:00,9.596381163,1023
1532,11,15:20:00,12.50437545,1023
1533,11,15:30:00,15.41236975,1023
1534,11,15:40:00,18.32036404,1023
1535,11,15:50:00,21.22835833,1023
1536,11,16:00:00,24.13635262,1023
1537,11,16:10:00,27.04434691,1023
1538,11,16:20:00,29.9523412,1023
1539,11,16:30:00,32.8603355,1023
1540,11,16:40:00,35.76832979,1023
1541,11,16:50:00,38.67632408,1023
1542,11,17:00:00,41.58431837,1023
1543,11,17:10:00,44.49231266,1023
1544,11,17:20:00,47.40030695,1023
1545,11,17:30:00,50.30830125,1023
1546,11,17:40:00,53.21629554,1023
1547,11,17:50:00,56.12428983,1023
1548,11,18:00:00,59.03228412,1023
1549,11,18:10:00,61.94027841,892
1550,11,18:20:00,64.84827271,873
1551,11,18:30:00,67.756267,854
1552,11,18:40:00,70.66426129,834
1553,11,18:50:00,73.57225558,814
1554,11,19:00:00,76.48024987,793
1555,11,19:10:00,79.38824416,771
1556,11,19:20:00,82.29623846,749
1557,11,19:30:00,85.20423275,726
1558,11,19:40:00,88.11222704,703
1559,11,19:50:00,91.02022133,680
1560,11,20:00:00,93.92821562,656
1561,11,20:10:00,96.83620991,631
1562,11,20:20:00,99.74420421,606
1563,11,20:30:00,102.6521985,581
1564,11,20:40:00,105.5601928,556
1565,11,20:50:00,108.4681871,531
1566,11,21:00:00,111.3761814,505
1567,11,21:10:00,114.2841757,479
1568,11,21:20:00,117.19217,454
1569,11,21:30:00,120.1001642,0
1570,11,21:40:00,123.0081585,0
1571,11,21:50:00,125.9161528,0
1572,11,22:00:00,128.8241471,0
1573,11,22:10:00,131.7321414,0
1574,11,22:20:00,134.6401357,0
1575,11,22:30:00,137.54813,0
1576,11,22:40:00,140.4561243,0
1577,11,22:50:00,143.3641186,0
1578,11,23:00:00,146.2721129,0
1579,11,23:10:00,149.1801072,0
1580,11,23:20:00,152.0881015,0
1581,11,23:30:00,154.9960957,0
1582,11,23:40:00,157.102309,0
1583,11,23:50:00,160.8120843,0
1584,12,00:00:00,164.3607144,0
1585,12,00:10:00,167.427241,0
1586,12,00:20:00,170.4937676,0
1587,12,00:30:00,173.5602942,0
1588,12,00:40:00,176.6268208,0
1589,12,00:50:00,179.6933473,0
1590,12,01:00:00,182.7598739,650
1591,12,01:10:00,185.8264005,650
1592,12,01:20:00,188.8929271,650
1593,12,01:30:00,191.9594537,650
1594,12,01:40:00,195.0259803,650
1595,12,01:50:00,198.0925071,650
1596,12,02:00:00,201.1590335,650
1597,12,02:10:00,204.2255601,650
1598,12,02:20:00,207.2920867,650
1599,12,02:30:00,210.3586132,650
1600,12,02:40:00,213.4251398,650
1601,12,02:50:00,216.4916664,650
1602,12,03:00:00,219.558193,650
1603,12,03:10:00,222.6247196,650
1604,12,03:20:00,225.6912462,650
1605,12,03:30:00,228.7577728,650
1606,12,03:40:00,231.8209384,650
1607,12,03:50:00,234.890826,650
1608,12,04:00:00,237.9573526,650
1609,12,04:10:00,241.0238792,650
1610,12,04:20:00,244.0102306,650
1611,12,04:30:00,247.1569323,650
1612,12,04:40:00,250.2234589,650
1613,12,04:50:00,253.2899855,650
1614,12,05:00:00,256.3565121,650
1615,12,05:10:00,259.4230387,650
1616,12,05:20:00,262.4895653,650
1617,12,05:30:00,265.5560919,650
1618,12,05:40:00,268.6226185,650
1619,12,05:50:00,271.6891451,650
1620,12,06:00:00,274.7556717,650
1621,12,06:10:00,277.8221982,650
1622,12,06:20:00,280.8887248,650
1623,12,06:30:00,283.9552514,650
1624,12,06:40:00,287.021778,650
1625,12,06:50:00,290.0883046,650
1626,12,07:00:00,293.1548312,650
1627,12,07:10:00,296.2213578,650
1628,12,07:20:00,299.2878844,650
1629,12,07:30:00,302.354411,650
1630,12,07:40:00,305.4209376,650
1631,12,07:50:00,308.4874642,650
1632,12,08:00:00,311.5539907,650
1633,12,08:10:00,314.6205173,650
1634,12,08:20:00,317.6870439,650
1635,12,08:30:00,320.7535705,650
1636,12,08:40:00,323.8200971,650
1637,12,08:50:00,326.8866237,650
1638,12,09:00:00,329.9531503,650
1639,12,09:10:00,333.0196769,650
1640,12,09:20:00,336.0862035,650
1641,12,09:30:00,339.1527301,650
1642,12,09:40:00,342.2192567,650
1643,12,09:50:00,345.2857832,650
1644,12,10:00:00,348.3523098,650
1645,12,10:10:00,351.4188364,650
1646,12,10:20:00,354.485363,650
1647,12,10:30:00,357.5518896,650
1648,12,10:40:00,360.6184162,650
1649,12,10:50:00,363.6849428,650
1650,12,11:00:00,366.7514694,650
1651,12,11:10:00,369.817996,650
1652,12,11:20:00,372.8845226,650
1653,12,11:30:00,375.9510491,650
1654,12,11:40:00,379.0175757,650
1655,12,11:50:00,382.0841023,650
1656,12,12:00:00,56.42408927,650
1657,12,12:10:00,53.35756268,650
1658,12,12:20:00,50.29103609,650
1659,12,12:30:00,47.2245095,650
1660,12,12:40:00,44.15798291,650
1661,12,12:50:00,41.09145632,650
1662,12,13:00:00,38.02492973,650
1663,12,13:10:00,34.95840313,650
1664,12,13:20:00,31.89187654,650
1665,12,13:30:00,28.82534995,650
1666,12,13:40:00,25.75882336,650
1667,12,13:50:00,22.69229677,650
1668,12,14:00:00,19.62577018,650
1669,12,14:10:00,16.55924359,650
1670,12,14:20:00,13.492717,650
1671,12,14:30:00,10.42611023,650
1672,12,14:40:00,7.359663818,650
1673,12,14:50:00,4.293137227,650
1674,12,15:00:00,1.226610636,650
1675,12,15:10:00,1.839915954,1023
1676,12,15:20:00,4.906442545,1023
1677,12,15:30:00,7.972969136,1023
1678,12,15:40:00,11.03949573,1023
1679,12,15:50:00,14.10602232,1023
1680,12,16:00:00,17.17254891,1023
1681,12,16:10:00,20.2390755,1023
1682,12,16:20:00,23.30560209,1023
1683,12,16:30:00,26.37212868,1023
1684,12,16:40:00,29.43865527,1023
1685,12,16:50:00,32.50518186,1023
1686,12,17:00:00,35.57170845,1023
1687,12,17:10:00,38.63823504,1023
1688,12,17:20:00,41.70476163,1023
1689,12,17:30:00,44.77128823,1023
1690,12,17:40:00,47.83781482,1023
1691,12,17:50:00,50.10233414,1023
1692,12,18:00:00,53.970868,1023
1693,12,18:10:00,57.03739459,1023
1694,12,18:20:00,60.10392118,903
1695,12,18:30:00,63.17044777,884
1696,12,18:40:00,66.23697436,864
1697,12,18:50:00,69.30350095,844
1698,12,19:00:00,72.37002754,822
1699,12,19:10:00,75.43655413,800
1700,12,19:20:00,78.50308072,778
1701,12,19:30:00,81.56960731,755
1702,12,19:40:00,84.6361331,731
1703,12,19:50:00,87.7026605,706
1704,12,20:00:00,90.76918709,682
1705,12,20:10:00,93.83571368,656
1706,12,20:20:00,96.90224027,631
1707,12,20:30:00,99.96876686,604
1708,12,20:40:00,103.0352934,578
1709,12,20:50:00,106.10182,551
1650,12,21:00:00,109.1683466,524
1711,12,21:10:00,112.2348732,497
1712,12,21:20:00,115.3013998,470
1713,12,21:30:00,118.3679264,443
1714,12,21:40:00,121.434453,0
1715,12,21:50:00,124.5009796,0
1716,12,22:00:00,127.5675062,0
1717,12,22:10:00,130.6340328,0
1718,12,22:20:00,133.7005594,0
1719,12,22:30:00,136.7670859,0
1720,12,22:40:00,139.8336125,0
1721,12,22:50:00,142.9001391,0
1722,12,23:00:00,145.9666657,0
1723,12,23:10:00,149.0331923,0
1724,12,23:20:00,152.0997189,0
1725,12,23:30:00,155.1662455,0
1726,12,23:40:00,158.2327721,0
1727,12,23:50:00,161.2992987,0