Index,Time,Current
119096,2022-08-03 21:41:12.00,20.32
119097,2022-08-03 21:42:12.27,20.63
119098,2022-08-03 21:43:12.52,20.2
119099,2022-08-03 21:44:12.74,20.13
119100,2022-08-03 21:45:12.97,20.31
119101,2022-08-03 21:46:13.23,20.27
119102,2022-08-03 21:47:13.52,20.37
119103,2022-08-03 21:48:13.76,20.29
119104,2022-08-03 21:49:14.03,20.48
119105,2022-08-03 21:50:14.30,20.2
119106,2022-08-03 21:51:14.56,20.43
119107,2022-08-03 21:52:14.80,20.34
119108,2022-08-03 21:53:15.03,20.45
119109,2022-08-03 21:54:15.29,20.17
119110,2022-08-03 21:55:15.52,20.36
119111,2022-08-03 21:56:15.76,20.19
119112,2022-08-03 21:57:16.05,20.38
119113,2022-08-03 21:58:16.27,20.31
119114,2022-08-03 21:59:16.55,20.44
119115,2022-08-03 22:00:16.77,20.47
119116,2022-08-03 22:01:17.06,20.31
119117,2022-08-03 22:02:17.29,20.1
119118,2022-08-03 22:03:17.52,20.39
119119,2022-08-03 22:04:17.76,20.28
119120,2022-08-03 22:05:18.02,20.24
119121,2022-08-03 22:06:18.26,20.48
119122,2022-08-03 22:07:18.49,20.17
119123,2022-08-03 22:08:18.74,20.3
119124,2022-08-03 22:09:19.00,20.44
119125,2022-08-03 22:10:19.22,20.3
119126,2022-08-03 22:11:19.47,20.25
119127,2022-08-03 22:12:19.71,20.55
119128,2022-08-03 22:13:19.99,20.27
119129,2022-08-03 22:14:19.94,19.99
119130,2022-08-03 22:15:20.17,20.29
119131,2022-08-03 22:16:20.41,20.77
119132,2022-08-03 22:17:20.66,20.3
119133,2022-08-03 22:18:20.91,20.55
119134,2022-08-03 22:19:21.16,20.33
119135,2022-08-03 22:20:21.40,20.4
119136,2022-08-03 22:21:21.69,20.06
119137,2022-08-03 22:22:21.96,20.28
119138,2022-08-03 22:23:22.21,20.2
119139,2022-08-03 22:24:22.47,21.21
119140,2022-08-03 22:25:22.69,20.08
119141,2022-08-03 22:26:22.92,20.34
119142,2022-08-03 22:27:23.21,20.26
119143,2022-08-03 22:28:23.43,20.14
119144,2022-08-03 22:29:23.70,20.29
119145,2022-08-03 22:30:23.91,20.21
119146,2022-08-03 22:31:24.16,20.32
119147,2022-08-03 22:32:24.43,20.21
119148,2022-08-03 22:33:24.74,20.52
119149,2022-08-03 22:34:24.95,20.33
119150,2022-08-03 22:35:25.17,20.34
119151,2022-08-03 22:36:25.42,20.02
119152,2022-08-03 22:37:25.65,20.12
119153,2022-08-03 22:38:25.92,20.22
119154,2022-08-03 22:39:26.17,20.15
119155,2022-08-03 22:40:26.43,20.13
119156,2022-08-03 22:41:26.68,20.23
119157,2022-08-03 22:42:26.97,20.61
119158,2022-08-03 22:43:27.23,20.34
119159,2022-08-03 22:44:27.45,20.37
119160,2022-08-03 22:45:27.69,20.28
119161,2022-08-03 22:46:27.94,20.59
119162,2022-08-03 22:47:28.18,20.32
119163,2022-08-03 22:48:28.45,20.35
119164,2022-08-03 22:49:28.70,20.53
119165,2022-08-03 22:50:28.95,20.45
119166,2022-08-03 22:51:29.19,20.37
119167,2022-08-03 22:52:29.45,20.51
119168,2022-08-03 22:53:29.72,20.4
119169,2022-08-03 22:54:29.97,20.25
119170,2022-08-03 22:55:30.25,20.13
119171,2022-08-03 22:56:30.50,20.25
119172,2022-08-03 22:57:30.73,20.35
119173,2022-08-03 22:58:30.97,20.59
119174,2022-08-03 22:59:31.20,20.47
119175,2022-08-03 23:00:31.45,20.39
119176,2022-08-03 23:01:31.73,20.45
119177,2022-08-03 23:02:31.98,20.4
119178,2022-08-03 23:03:32.22,20.13
119179,2022-08-03 23:04:32.49,20.11
119180,2022-08-03 23:05:32.75,20.18
119181,2022-08-03 23:06:32.98,20.46
119182,2022-08-03 23:07:33.25,20.47
119183,2022-08-03 23:08:33.48,20.24
119184,2022-08-03 23:09:33.77,20.41
119185,2022-08-03 23:10:34.03,20.51
119186,2022-08-03 23:11:34.27,20.86
119187,2022-08-03 23:12:34.55,20.56
119188,2022-08-03 23:13:34.82,20.31
119189,2022-08-03 23:14:35.12,20.39
119190,2022-08-03 23:15:35.05,20.39
119191,2022-08-03 23:16:35.34,20.3
119192,2022-08-03 23:17:35.58,20.5
119193,2022-08-03 23:18:35.84,20.32
119194,2022-08-03 23:19:36.09,19.99
119195,2022-08-03 23:20:36.31,20.35
119196,2022-08-03 23:21:36.55,20.8
119197,2022-08-03 23:22:36.79,20.32
119198,2022-08-03 23:23:37.02,20.17
119199,2022-08-03 23:24:37.25,20.53
119200,2022-08-03 23:25:37.50,20.26
119201,2022-08-03 23:26:37.74,20.27
119202,2022-08-03 23:27:37.97,20.48
119203,2022-08-03 23:28:38.21,20.36
119204,2022-08-03 23:29:38.46,20.27
119205,2022-08-03 23:30:38.71,20.59
119206,2022-08-03 23:31:38.95,20.37
119207,2022-08-03 23:32:39.19,20.33
119208,2022-08-03 23:33:39.40,20.34
119209,2022-08-03 23:34:39.67,20.41
119210,2022-08-03 23:35:39.90,20.34
119211,2022-08-03 23:36:40.15,20.3
119212,2022-08-03 23:37:40.39,20.23
119213,2022-08-03 23:38:40.63,20.43
119214,2022-08-03 23:39:40.86,20.25
119215,2022-08-03 23:40:41.13,20.32
119216,2022-08-03 23:41:41.37,20.24
119217,2022-08-03 23:42:41.58,20.13
119218,2022-08-03 23:43:41.80,20.27
119219,2022-08-03 23:44:42.04,20.51
119220,2022-08-03 23:45:42.29,20.43
119221,2022-08-03 23:46:42.51,20.45
119222,2022-08-03 23:47:42.75,20.36
119223,2022-08-03 23:48:43.05,20.36
119224,2022-08-03 23:49:43.03,20.17
119225,2022-08-03 23:50:43.30,20.12
119226,2022-08-03 23:51:43.58,20.5
119227,2022-08-03 23:52:43.83,20.13
119228,2022-08-03 23:53:44.09,20.23
119229,2022-08-03 23:54:44.36,20.35
119230,2022-08-03 23:55:44.66,20.63
119231,2022-08-03 23:56:44.93,20.37
119232,2022-08-03 23:57:45.17,20.26
119233,2022-08-03 23:58:45.42,20.36
119234,2022-08-03 23:59:45.68,20.43
119235,2022-08-04 00:00:45.91,20.07
119236,2022-08-04 00:01:46.15,20.78
119237,2022-08-04 00:02:46.40,20.24
119238,2022-08-04 00:03:46.70,20.54
119239,2022-08-04 00:04:46.63,20.32
119240,2022-08-04 00:05:46.87,20.5
119241,2022-08-04 00:06:47.10,20.24
119242,2022-08-04 00:07:47.37,21.01
119243,2022-08-04 00:08:47.57,21.78
119244,2022-08-04 00:09:47.82,20.21
119245,2022-08-04 00:10:48.06,20.35
119246,2022-08-04 00:11:48.30,20.11
119247,2022-08-04 00:12:48.54,21.44
119248,2022-08-04 00:13:48.78,20.2
119249,2022-08-04 00:14:49.06,20.37
119250,2022-08-04 00:15:49.31,20.21
119251,2022-08-04 00:16:49.60,20.36
119252,2022-08-04 00:17:49.83,21.34
119253,2022-08-04 00:18:50.07,20.11
119254,2022-08-04 00:19:50.32,20.02
119255,2022-08-04 00:20:50.56,20.44
119256,2022-08-04 00:21:50.83,20.18
119257,2022-08-04 00:22:51.11,20.59
119258,2022-08-04 00:23:51.34,20.34
119259,2022-08-04 00:24:51.60,20.31
119260,2022-08-04 00:25:51.81,20.36
119261,2022-08-04 00:26:52.06,20.26
119262,2022-08-04 00:27:52.30,20.44
119263,2022-08-04 00:28:52.54,20.38
119264,2022-08-04 00:29:52.80,20.22
119265,2022-08-04 00:30:53.03,20.14
119266,2022-08-04 00:31:53.28,20.26
119267,2022-08-04 00:32:53.51,20.34
119268,2022-08-04 00:33:53.75,20.37
119269,2022-08-04 00:34:54.05,20.25
119270,2022-08-04 00:35:53.97,20.08
119271,2022-08-04 00:36:54.22,20.2
119272,2022-08-04 00:37:54.47,20.32
119273,2022-08-04 00:38:54.73,20.37
119274,2022-08-04 00:39:54.97,20.13
119275,2022-08-04 00:40:55.21,20.24
119276,2022-08-04 00:41:55.44,20.2
119277,2022-08-04 00:42:55.66,20.23
119278,2022-08-04 00:43:55.94,20.25
119279,2022-08-04 00:44:56.18,20.14
119280,2022-08-04 00:45:56.39,20.29
119281,2022-08-04 00:46:56.65,20.31
119282,2022-08-04 00:47:56.91,20.09
119283,2022-08-04 00:48:57.15,20.39
119284,2022-08-04 00:49:57.45,20.01
119285,2022-08-04 00:50:57.41,20.37
119286,2022-08-04 00:51:57.65,20.35
119287,2022-08-04 00:52:57.89,20.98
119288,2022-08-04 00:53:58.14,20.7
119289,2022-08-04 00:54:58.40,20.16
119290,2022-08-04 00:55:58.69,20.16
119291,2022-08-04 00:56:58.95,20.28
119292,2022-08-04 00:57:59.20,20.26
119293,2022-08-04 00:58:59.49,20.23
119294,2022-08-04 00:59:59.45,20.29
119295,2022-08-04 01:00:59.68,20.35
119296,2022-08-04 01:01:59.94,20.12
119297,2022-08-04 01:03:00.24,20.54
119298,2022-08-04 01:04:00.47,20.34
119299,2022-08-04 01:05:00.69,20.23
119300,2022-08-04 01:06:00.95,20.35
119301,2022-08-04 01:07:01.21,20.39
119302,2022-08-04 01:08:01.47,20.16
119303,2022-08-04 01:09:01.71,20.29
119304,2022-08-04 01:10:01.95,20.38
119305,2022-08-04 01:11:02.18,20.1
119306,2022-08-04 01:12:02.42,20.33
119307,2022-08-04 01:13:02.67,20.08
119308,2022-08-04 01:14:02.90,20.38
119309,2022-08-04 01:15:03.16,20.41
119310,2022-08-04 01:16:03.23,20.14
119311,2022-08-04 01:17:03.46,20.2
119312,2022-08-04 01:18:03.67,20.5
119313,2022-08-04 01:19:03.87,20.3
119314,2022-08-04 01:20:04.09,20.3
119315,2022-08-04 01:21:04.29,20.42
119316,2022-08-04 01:22:04.52,20.04
119317,2022-08-04 01:23:04.77,20.41
119318,2022-08-04 01:24:05.00,20.4
119319,2022-08-04 01:25:05.21,20.02
119320,2022-08-04 01:26:05.46,20.41
119321,2022-08-04 01:27:05.66,20.14
119322,2022-08-04 01:28:05.88,20.05
119323,2022-08-04 01:29:06.12,20.21
119324,2022-08-04 01:30:06.33,20.44
119325,2022-08-04 01:31:06.56,20.48
119326,2022-08-04 01:32:06.78,20.37
119327,2022-08-04 01:33:06.97,20.42
119328,2022-08-04 01:34:07.19,20.35
119329,2022-08-04 01:35:07.43,20.25
119330,2022-08-04 01:36:07.65,20.35
119331,2022-08-04 01:37:07.89,20.21
119332,2022-08-04 01:38:08.12,20.35
119333,2022-08-04 01:39:08.33,21.49
119334,2022-08-04 01:40:08.57,20.45
119335,2022-08-04 01:41:08.77,20.4
119336,2022-08-04 01:42:09.00,20.33
119337,2022-08-04 01:43:09.23,20.41
119338,2022-08-04 01:44:09.44,20.24
119339,2022-08-04 01:45:09.66,20.1
119340,2022-08-04 01:46:09.91,20.04
119341,2022-08-04 01:47:10.17,20.98
119342,2022-08-04 01:48:10.41,20.31
119343,2022-08-04 01:49:10.65,20.65
119344,2022-08-04 01:50:10.85,20.25
119345,2022-08-04 01:51:11.09,20.08
119346,2022-08-04 01:52:11.29,20.42
119347,2022-08-04 01:53:11.51,20.46
119348,2022-08-04 01:54:11.73,20.32
119349,2022-08-04 01:55:11.95,20.28
119350,2022-08-04 01:56:12.22,20.43
119351,2022-08-04 01:57:12.44,20.52
119352,2022-08-04 01:58:12.67,20.55
119353,2022-08-04 01:59:12.89,20.21
119354,2022-08-04 02:00:13.10,20.24
119355,2022-08-04 02:01:13.32,20.15
119356,2022-08-04 02:02:13.55,20.37
119357,2022-08-04 02:03:13.76,20.24
119358,2022-08-04 02:04:13.97,20.32
119359,2022-08-04 02:05:14.24,21.7
119360,2022-08-04 02:06:14.48,20.41
119361,2022-08-04 02:07:14.66,20.4
119362,2022-08-04 02:08:14.90,20.49
119363,2022-08-04 02:09:15.11,20.18
119364,2022-08-04 02:10:15.36,20.21
119365,2022-08-04 02:11:15.62,20.12
119366,2022-08-04 02:12:15.82,21.8
119367,2022-08-04 02:13:16.04,20.15
119368,2022-08-04 02:14:16.24,20.13
119369,2022-08-04 02:15:16.48,20.4
119370,2022-08-04 02:16:16.69,20.77
119371,2022-08-04 02:17:16.95,21.38
119372,2022-08-04 02:18:17.17,20.45
119373,2022-08-04 02:19:17.41,20.34
119374,2022-08-04 02:20:17.64,20.53
119375,2022-08-04 02:21:17.86,20.22
119376,2022-08-04 02:22:18.09,20.19
119377,2022-08-04 02:23:18.31,20.31
119378,2022-08-04 02:24:18.55,20.27
119379,2022-08-04 02:25:18.79,20.19
119380,2022-08-04 02:26:19.01,21.97
119381,2022-08-04 02:27:19.27,20.98
119382,2022-08-04 02:28:19.49,20.47
119383,2022-08-04 02:29:19.71,20.05
119384,2022-08-04 02:30:19.93,20.23
119385,2022-08-04 02:31:20.14,20.4
119386,2022-08-04 02:32:20.36,20.07
119387,2022-08-04 02:33:20.60,22.01
119388,2022-08-04 02:34:20.83,20.47
119389,2022-08-04 02:35:21.06,20.26
119390,2022-08-04 02:36:21.33,20.3
119391,2022-08-04 02:37:21.55,20.49
119392,2022-08-04 02:38:21.77,20.25
119393,2022-08-04 02:39:21.98,20.06
119394,2022-08-04 02:40:22.21,20.38
119395,2022-08-04 02:41:22.46,20.29
119396,2022-08-04 02:42:22.69,20.5
119397,2022-08-04 02:43:22.93,20.18
119398,2022-08-04 02:44:23.16,20.41
119399,2022-08-04 02:45:23.40,20.27
119400,2022-08-04 02:46:23.62,20.45
119401,2022-08-04 02:47:23.85,20.27
119402,2022-08-04 02:48:24.06,20.24
119403,2022-08-04 02:49:24.32,20.46
119404,2022-08-04 02:50:24.58,20.44
119405,2022-08-04 02:51:24.83,20.28
119406,2022-08-04 02:52:25.05,20.15
119407,2022-08-04 02:53:25.25,20.31
119408,2022-08-04 02:54:25.47,20.32
119409,2022-08-04 02:55:25.72,20.32
119410,2022-08-04 02:56:25.94,20.35
119411,2022-08-04 02:57:26.19,20.21
119412,2022-08-04 02:58:26.40,20.21
119413,2022-08-04 02:59:26.63,20.3
119414,2022-08-04 03:00:26.86,20.33
119415,2022-08-04 03:01:27.07,20.35
119416,2022-08-04 03:02:27.30,20.39
119417,2022-08-04 03:03:27.57,20.41
119418,2022-08-04 03:04:27.79,20.25
119419,2022-08-04 03:05:28.02,20.37
119420,2022-08-04 03:06:28.31,20.32
119421,2022-08-04 03:07:28.57,20.28
119422,2022-08-04 03:08:28.78,20.59
119423,2022-08-04 03:09:29.01,20.39
119424,2022-08-04 03:10:29.31,20.47
119425,2022-08-04 03:11:29.52,20.68
119426,2022-08-04 03:12:29.74,20.09
119427,2022-08-04 03:13:29.98,20.97
119428,2022-08-04 03:14:30.19,20.1
119429,2022-08-04 03:15:30.42,20.2
119430,2022-08-04 03:16:30.64,20.44
119431,2022-08-04 03:17:30.88,20.13
119432,2022-08-04 03:18:31.10,20.41
119433,2022-08-04 03:19:31.33,20.26
119434,2022-08-04 03:20:31.55,20.31
119435,2022-08-04 03:21:31.78,20.35
119436,2022-08-04 03:22:32.01,20.13
119437,2022-08-04 03:23:32.26,20.17
119438,2022-08-04 03:24:32.51,20.32
119439,2022-08-04 03:25:32.72,20.28
119440,2022-08-04 03:26:32.99,20.42
119441,2022-08-04 03:27:33.23,20.28
119442,2022-08-04 03:28:33.47,20.48
119443,2022-08-04 03:29:33.70,20.07
119444,2022-08-04 03:30:33.92,20.15
119445,2022-08-04 03:31:34.18,20.37
119446,2022-08-04 03:32:34.45,20.18
119447,2022-08-04 03:33:34.68,20.64
119448,2022-08-04 03:34:34.90,20.39
119449,2022-08-04 03:35:35.14,20.16
119450,2022-08-04 03:36:35.36,20.35
119451,2022-08-04 03:37:35.58,20.13
119452,2022-08-04 03:38:35.78,20.32
119453,2022-08-04 03:39:36.01,20.2
119454,2022-08-04 03:40:36.23,20.11
119455,2022-08-04 03:41:36.45,20.2
119456,2022-08-04 03:42:36.68,20.39
119457,2022-08-04 03:43:36.90,20.44
119458,2022-08-04 03:44:37.13,20.27
119459,2022-08-04 03:45:37.34,20.37
119460,2022-08-04 03:46:37.60,20.56
119461,2022-08-04 03:47:37.81,20.45
119462,2022-08-04 03:48:38.04,20.39
119463,2022-08-04 03:49:38.28,20.38
119464,2022-08-04 03:50:38.51,20.27
119465,2022-08-04 03:51:38.75,20.07
119466,2022-08-04 03:52:38.97,20.21
119467,2022-08-04 03:53:39.20,20.46
119468,2022-08-04 03:54:39.42,21.42
119469,2022-08-04 03:55:39.65,20.25
119470,2022-08-04 03:56:39.87,20.28
119471,2022-08-04 03:57:40.11,20.23
119472,2022-08-04 03:58:40.33,20.38
119473,2022-08-04 03:59:40.54,20.48
119474,2022-08-04 04:00:40.76,20.38
119475,2022-08-04 04:01:40.99,20.33
119476,2022-08-04 04:02:41.26,20.39
119477,2022-08-04 04:03:41.50,20.39
119478,2022-08-04 04:04:41.72,20.17
119479,2022-08-04 04:05:41.93,20.33
119480,2022-08-04 04:06:42.17,20.28
119481,2022-08-04 04:07:42.41,20.38
119482,2022-08-04 04:08:42.64,20.16
119483,2022-08-04 04:09:42.87,20.27
119484,2022-08-04 04:10:43.10,20.21
119485,2022-08-04 04:11:43.33,20.35
119486,2022-08-04 04:12:43.58,21.52
119487,2022-08-04 04:13:43.80,20.16
119488,2022-08-04 04:14:44.01,20.09
119489,2022-08-04 04:15:44.29,20.37
119490,2022-08-04 04:16:44.55,20.39
119491,2022-08-04 04:17:44.76,20.32
119492,2022-08-04 04:18:45.01,20.33
119493,2022-08-04 04:19:45.26,20.5
119494,2022-08-04 04:20:45.48,20.34
119495,2022-08-04 04:21:45.71,22.34
119496,2022-08-04 04:22:45.93,20.15
119497,2022-08-04 04:23:46.17,20.34
119498,2022-08-04 04:24:46.36,20.12
119499,2022-08-04 04:25:46.60,20.35
119500,2022-08-04 04:26:46.82,20.26
119501,2022-08-04 04:27:47.05,20.43
119502,2022-08-04 04:28:47.33,20.98
119503,2022-08-04 04:29:47.57,20.45
119504,2022-08-04 04:30:47.79,20.37
119505,2022-08-04 04:31:48.00,20.15
119506,2022-08-04 04:32:48.22,20.41
119507,2022-08-04 04:33:48.51,21.19
119508,2022-08-04 04:34:48.75,22.18
119509,2022-08-04 04:35:48.97,21.25
119510,2022-08-04 04:36:49.22,19.98
119511,2022-08-04 04:37:49.46,20.46
119512,2022-08-04 04:38:49.69,20.32
119513,2022-08-04 04:39:49.92,20.38
119514,2022-08-04 04:40:50.12,20.12
119515,2022-08-04 04:41:50.35,20.31
119516,2022-08-04 04:42:50.59,20.41
119517,2022-08-04 04:43:50.82,20.08
119518,2022-08-04 04:44:51.03,20.23
119519,2022-08-04 04:45:51.26,20.45
119520,2022-08-04 04:46:51.48,20.78
119521,2022-08-04 04:47:51.71,20.6
119522,2022-08-04 04:48:51.95,20.64
119523,2022-08-04 04:49:52.18,20.3
119524,2022-08-04 04:50:52.40,20.38
119525,2022-08-04 04:51:52.62,20.57
119526,2022-08-04 04:52:52.85,20.67
119527,2022-08-04 04:53:53.11,20.55
119528,2022-08-04 04:54:53.35,20.43
119529,2022-08-04 04:55:53.59,20.14
119530,2022-08-04 04:56:53.82,20.33
119531,2022-08-04 04:57:54.10,20.09
119532,2022-08-04 04:58:54.32,20.36
119533,2022-08-04 04:59:54.53,20.4
119534,2022-08-04 05:00:54.77,21.68
119535,2022-08-04 05:01:55.01,20.63
119536,2022-08-04 05:02:55.25,20.34
119537,2022-08-04 05:03:55.48,20.31
119538,2022-08-04 05:04:55.68,20.39
119539,2022-08-04 05:05:55.96,20.53
119540,2022-08-04 05:06:56.16,20.55
119541,2022-08-04 05:07:56.42,20.72
119542,2022-08-04 05:08:56.64,20.44
119543,2022-08-04 05:09:56.89,20.65
119544,2022-08-04 05:10:57.12,20.48
119545,2022-08-04 05:11:57.34,20.42
119546,2022-08-04 05:12:57.57,20.33
119547,2022-08-04 05:13:57.78,20.32
119548,2022-08-04 05:14:58.01,20.42
119549,2022-08-04 05:15:58.25,20.39
119550,2022-08-04 05:16:58.45,21.45
119551,2022-08-04 05:17:58.66,21.44
119552,2022-08-04 05:18:58.87,20.17
119553,2022-08-04 05:19:59.15,20.55
119554,2022-08-04 05:20:59.37,20.22
119555,2022-08-04 05:21:59.58,20.26
119556,2022-08-04 05:22:59.80,20.26
119557,2022-08-04 05:24:00.03,20.34
119558,2022-08-04 05:25:00.27,20.2
119559,2022-08-04 05:26:00.47,20.26
119560,2022-08-04 05:27:00.69,20.26
119561,2022-08-04 05:28:00.92,20.37
119562,2022-08-04 05:29:01.15,20.18
119563,2022-08-04 05:30:01.37,19.83
119564,2022-08-04 05:31:01.59,20.11
119565,2022-08-04 05:32:01.80,20.39
119566,2022-08-04 05:33:02.03,20.2
119567,2022-08-04 05:34:02.27,20.08
119568,2022-08-04 05:35:02.47,20.45
119569,2022-08-04 05:36:02.70,20.11
119570,2022-08-04 05:37:02.94,20.12
119571,2022-08-04 05:38:03.17,20.49
119572,2022-08-04 05:39:03.44,20.48
119573,2022-08-04 05:40:03.71,20.41
119574,2022-08-04 05:41:03.94,20.38
119575,2022-08-04 05:42:04.16,19.88
119576,2022-08-04 05:43:04.39,20.32
119577,2022-08-04 05:44:04.63,20.18
119578,2022-08-04 05:45:04.83,20.54
119579,2022-08-04 05:46:05.05,20.31
119580,2022-08-04 05:47:05.27,20.25
119581,2022-08-04 05:48:05.49,20.3
119582,2022-08-04 05:49:05.75,20.17
119583,2022-08-04 05:50:05.99,20.14
119584,2022-08-04 05:51:06.23,20.3
119585,2022-08-04 05:52:06.46,20.33
119586,2022-08-04 05:53:06.67,20.25
119587,2022-08-04 05:54:06.89,20.22
119588,2022-08-04 05:55:07.09,20.13
119589,2022-08-04 05:56:07.33,20.2
119590,2022-08-04 05:57:07.54,20.46
119591,2022-08-04 05:58:07.76,20.42
119592,2022-08-04 05:59:08.00,20.31
119593,2022-08-04 06:00:08.23,20.26
119594,2022-08-04 06:01:08.47,20.05
119595,2022-08-04 06:02:08.70,20.3
119596,2022-08-04 06:03:08.92,20.38
119597,2022-08-04 06:04:09.16,20.33
119598,2022-08-04 06:05:09.37,20.37
119599,2022-08-04 06:06:09.60,20.43
119600,2022-08-04 06:07:09.83,20.49
119601,2022-08-04 06:08:10.03,20.22
119602,2022-08-04 06:09:10.25,20.61
119603,2022-08-04 06:10:10.52,20.35
119604,2022-08-04 06:11:10.76,20.4
119605,2022-08-04 06:12:11.02,20.49
119606,2022-08-04 06:13:11.24,20.62
119607,2022-08-04 06:14:11.46,20.53
119608,2022-08-04 06:15:11.70,20.3
119609,2022-08-04 06:16:11.93,20.54
119610,2022-08-04 06:17:12.14,20.58
119611,2022-08-04 06:18:12.36,20.72
119612,2022-08-04 06:19:12.58,20.35
119613,2022-08-04 06:20:12.82,20.26
119614,2022-08-04 06:21:13.06,20.61
119615,2022-08-04 06:22:13.30,20.38
119616,2022-08-04 06:23:13.56,20.49
119617,2022-08-04 06:24:13.79,20.49
119618,2022-08-04 06:25:14.00,20.37
119619,2022-08-04 06:26:14.25,24.59
119620,2022-08-04 06:27:14.49,62.07
119621,2022-08-04 06:28:14.70,66.53
119622,2022-08-04 06:29:14.91,65.66
119623,2022-08-04 06:30:15.13,65.77
119624,2022-08-04 06:31:15.34,65.76
119625,2022-08-04 06:32:15.55,65.68
119626,2022-08-04 06:33:15.79,65.39
119627,2022-08-04 06:34:16.00,65.35
119628,2022-08-04 06:35:16.21,65.72
119629,2022-08-04 06:36:16.46,65.7
119630,2022-08-04 06:37:16.69,65.24
119631,2022-08-04 06:38:16.95,65.01
119632,2022-08-04 06:39:17.17,65.28
119633,2022-08-04 06:40:17.38,65.09
119634,2022-08-04 06:41:17.63,64.8
119635,2022-08-04 06:42:17.87,65.02
119636,2022-08-04 06:43:18.11,65.09
119637,2022-08-04 06:44:18.37,64.89
119638,2022-08-04 06:45:18.61,65.59
119639,2022-08-04 06:46:18.83,64.7
119640,2022-08-04 06:47:19.06,65.0
119641,2022-08-04 06:48:19.28,65.12
119642,2022-08-04 06:49:19.54,64.42
119643,2022-08-04 06:50:19.76,65.39
119644,2022-08-04 06:51:19.99,64.95
119645,2022-08-04 06:52:20.24,65.02
119646,2022-08-04 06:53:20.46,64.88
119647,2022-08-04 06:54:20.68,65.2
119648,2022-08-04 06:55:20.91,65.16
119649,2022-08-04 06:56:21.11,64.57
119650,2022-08-04 06:57:21.36,65.45
119651,2022-08-04 06:58:21.60,64.68
119652,2022-08-04 06:59:21.86,65.03
119653,2022-08-04 07:00:22.08,65.11
119654,2022-08-04 07:01:22.31,64.5
119655,2022-08-04 07:02:22.52,65.02
119656,2022-08-04 07:03:22.79,64.78
119657,2022-08-04 07:04:23.04,64.81
119658,2022-08-04 07:05:23.26,64.87
119659,2022-08-04 07:06:23.48,65.23
119660,2022-08-04 07:07:23.69,65.61
119661,2022-08-04 07:08:23.94,64.91
119662,2022-08-04 07:09:24.17,64.88
119663,2022-08-04 07:10:24.40,64.98
119664,2022-08-04 07:11:24.62,65.18
119665,2022-08-04 07:12:24.85,64.92
119666,2022-08-04 07:13:25.07,65.12
119667,2022-08-04 07:14:25.31,64.58
119668,2022-08-04 07:15:25.53,64.69
119669,2022-08-04 07:16:25.76,65.03
119670,2022-08-04 07:17:25.99,65.08
119671,2022-08-04 07:18:26.21,65.04
119672,2022-08-04 07:19:26.49,65.01
119673,2022-08-04 07:20:26.76,65.01
119674,2022-08-04 07:21:26.96,64.33
119675,2022-08-04 07:22:27.20,64.44
119676,2022-08-04 07:23:27.41,64.61
119677,2022-08-04 07:24:27.66,64.53
119678,2022-08-04 07:25:27.88,65.12
119679,2022-08-04 07:26:28.12,64.49
119680,2022-08-04 07:27:28.34,64.47
119681,2022-08-04 07:28:28.57,64.7
119682,2022-08-04 07:29:28.83,64.56
119683,2022-08-04 07:30:29.11,64.71
119684,2022-08-04 07:31:29.35,65.01
119685,2022-08-04 07:32:29.62,65.2
119686,2022-08-04 07:33:29.90,64.72
119687,2022-08-04 07:34:30.11,64.89
119688,2022-08-04 07:35:30.32,64.33
119689,2022-08-04 07:36:30.55,64.57
119690,2022-08-04 07:37:30.77,64.43
119691,2022-08-04 07:38:31.02,64.68
119692,2022-08-04 07:39:31.30,65.01
119693,2022-08-04 07:40:31.53,64.02
119694,2022-08-04 07:41:31.74,64.45
119695,2022-08-04 07:42:31.96,64.25
119696,2022-08-04 07:43:32.17,64.5
119697,2022-08-04 07:44:32.38,64.44
119698,2022-08-04 07:45:32.62,64.09
119699,2022-08-04 07:46:32.84,64.59
119700,2022-08-04 07:47:33.05,64.76
119701,2022-08-04 07:48:33.28,64.7
119702,2022-08-04 07:49:33.49,64.56
119703,2022-08-04 07:50:33.73,64.71
119704,2022-08-04 07:51:33.95,64.77
119705,2022-08-04 07:52:34.19,64.54
119706,2022-08-04 07:53:34.43,64.37
119707,2022-08-04 07:54:34.72,64.3
119708,2022-08-04 07:55:34.94,64.65
119709,2022-08-04 07:56:35.17,64.67
119710,2022-08-04 07:57:35.40,64.27
119711,2022-08-04 07:58:35.60,64.23
119712,2022-08-04 07:59:35.90,64.45
119713,2022-08-04 08:00:36.14,63.84
119714,2022-08-04 08:01:36.37,63.88
119715,2022-08-04 08:02:36.56,63.98
119716,2022-08-04 08:03:36.80,63.84
119717,2022-08-04 08:04:37.03,63.93
119718,2022-08-04 08:05:37.25,63.98
119719,2022-08-04 08:06:37.50,64.24
119720,2022-08-04 08:07:37.74,64.27
119721,2022-08-04 08:08:38.01,63.54
119722,2022-08-04 08:09:38.23,64.01
119723,2022-08-04 08:10:38.49,64.04
119724,2022-08-04 08:11:38.71,64.15
119725,2022-08-04 08:12:38.94,64.04
119726,2022-08-04 08:13:39.18,63.9
119727,2022-08-04 08:14:39.43,63.88
119728,2022-08-04 08:15:39.65,64.17
119729,2022-08-04 08:16:39.93,64.02
119730,2022-08-04 08:17:40.15,64.24
119731,2022-08-04 08:18:40.38,63.84
119732,2022-08-04 08:19:40.65,63.67
119733,2022-08-04 08:20:40.87,63.56
119734,2022-08-04 08:21:41.10,63.81
119735,2022-08-04 08:22:41.34,63.8
119736,2022-08-04 08:23:41.60,63.64
119737,2022-08-04 08:24:41.82,63.37
119738,2022-08-04 08:25:42.10,64.33
119739,2022-08-04 08:26:42.37,63.85
119740,2022-08-04 08:27:42.60,63.99
119741,2022-08-04 08:28:42.82,63.86
119742,2022-08-04 08:29:43.06,56.45
119743,2022-08-04 08:30:43.28,62.8
119744,2022-08-04 08:31:43.50,63.7
119745,2022-08-04 08:32:43.73,55.78
119746,2022-08-04 08:33:44.01,36.19
119747,2022-08-04 08:34:44.25,29.24
119748,2022-08-04 08:35:44.54,25.26
119749,2022-08-04 08:36:44.78,61.62
119750,2022-08-04 08:37:44.99,62.27
119751,2022-08-04 08:38:45.24,62.58
119752,2022-08-04 08:39:45.46,62.55
119753,2022-08-04 08:40:45.67,62.27
119754,2022-08-04 08:41:45.91,61.85
119755,2022-08-04 08:42:46.16,61.13
119756,2022-08-04 08:43:46.39,61.35
119757,2022-08-04 08:44:46.65,60.72
119758,2022-08-04 08:45:46.92,61.3
119759,2022-08-04 08:46:47.15,60.71
119760,2022-08-04 08:47:47.41,60.75
119761,2022-08-04 08:48:47.65,60.68
119762,2022-08-04 08:49:47.85,60.6
119763,2022-08-04 08:50:48.05,60.97
119764,2022-08-04 08:51:48.25,60.36
119765,2022-08-04 08:52:48.50,60.71
119766,2022-08-04 08:53:48.75,60.35
119767,2022-08-04 08:54:49.02,60.59
119768,2022-08-04 08:55:49.29,60.67
119769,2022-08-04 08:56:49.53,60.79
119770,2022-08-04 08:57:49.76,60.87
119771,2022-08-04 08:58:49.98,60.36
119772,2022-08-04 08:59:50.23,60.46
119773,2022-08-04 09:00:50.48,60.79
119774,2022-08-04 09:01:50.68,60.61
119775,2022-08-04 09:02:50.91,60.36
119776,2022-08-04 09:03:51.14,60.89
119777,2022-08-04 09:04:51.35,60.71
119778,2022-08-04 09:05:51.59,60.62
119779,2022-08-04 09:06:51.82,60.5
119780,2022-08-04 09:07:52.05,60.86
119781,2022-08-04 09:08:52.33,61.01
119782,2022-08-04 09:09:52.62,60.97
119783,2022-08-04 09:10:52.85,60.19
119784,2022-08-04 09:11:53.08,60.57
119785,2022-08-04 09:12:53.32,60.85
119786,2022-08-04 09:13:53.54,60.55
119787,2022-08-04 09:14:53.82,60.21
119788,2022-08-04 09:15:54.03,60.84
119789,2022-08-04 09:16:54.26,61.12
119790,2022-08-04 09:17:54.47,60.95
119791,2022-08-04 09:18:54.73,60.88
119792,2022-08-04 09:19:54.93,60.86
119793,2022-08-04 09:20:55.15,60.34
119794,2022-08-04 09:21:55.41,60.87
119795,2022-08-04 09:22:55.65,60.3
119796,2022-08-04 09:23:55.89,60.73
119797,2022-08-04 09:24:56.10,61.03
119798,2022-08-04 09:25:56.32,60.85
119799,2022-08-04 09:26:56.53,60.42
119800,2022-08-04 09:27:56.80,60.34
119801,2022-08-04 09:28:57.04,60.92
119802,2022-08-04 09:29:57.27,60.57
119803,2022-08-04 09:30:57.51,60.87
119804,2022-08-04 09:31:57.74,60.85
119805,2022-08-04 09:32:57.96,61.03
119806,2022-08-04 09:33:58.20,60.36
119807,2022-08-04 09:34:58.42,60.36
119808,2022-08-04 09:35:58.63,60.72
119809,2022-08-04 09:36:58.83,60.63
119810,2022-08-04 09:37:59.11,60.47
119811,2022-08-04 09:38:59.37,60.84
119812,2022-08-04 09:39:59.65,60.93
119813,2022-08-04 09:40:59.91,60.64
119814,2022-08-04 09:42:00.16,60.94
119815,2022-08-04 09:43:00.39,60.65
119816,2022-08-04 09:44:00.62,60.77
119817,2022-08-04 09:45:00.83,60.69
119818,2022-08-04 09:46:01.03,61.05
119819,2022-08-04 09:47:01.31,60.62
119820,2022-08-04 09:48:01.62,60.75
119821,2022-08-04 09:49:01.90,60.48
119822,2022-08-04 09:50:02.12,61.08
119823,2022-08-04 09:51:02.34,60.98
119824,2022-08-04 09:52:02.63,61.07
119825,2022-08-04 09:53:02.85,60.43
119826,2022-08-04 09:54:03.06,60.43
119827,2022-08-04 09:55:03.29,60.27
119828,2022-08-04 09:56:03.52,60.61
119829,2022-08-04 09:57:03.75,60.11
119830,2022-08-04 09:58:04.00,60.4
119831,2022-08-04 09:59:04.20,60.59
119832,2022-08-04 10:00:04.47,60.97
119833,2022-08-04 10:01:04.73,60.71
119834,2022-08-04 10:02:04.95,60.85
119835,2022-08-04 10:03:05.22,60.13
119836,2022-08-04 10:04:05.45,60.18
119837,2022-08-04 10:05:05.69,60.47
119838,2022-08-04 10:06:05.92,60.66
119839,2022-08-04 10:07:06.15,60.68
119840,2022-08-04 10:08:06.38,60.99
119841,2022-08-04 10:09:06.63,60.46
119842,2022-08-04 10:10:06.88,60.33
119843,2022-08-04 10:11:07.08,60.8
119844,2022-08-04 10:12:07.34,60.36
119845,2022-08-04 10:13:07.57,60.61
119846,2022-08-04 10:14:07.81,60.5
119847,2022-08-04 10:15:08.09,60.45
119848,2022-08-04 10:16:08.32,60.51
119849,2022-08-04 10:17:08.57,60.41
119850,2022-08-04 10:18:08.79,60.69
119851,2022-08-04 10:19:09.02,60.97
119852,2022-08-04 10:20:09.25,60.16
119853,2022-08-04 10:21:09.47,59.94
119854,2022-08-04 10:22:09.72,60.54
119855,2022-08-04 10:23:09.94,60.37
119856,2022-08-04 10:24:10.22,60.68
119857,2022-08-04 10:25:10.43,60.39
119858,2022-08-04 10:26:10.62,60.47
119859,2022-08-04 10:27:10.90,60.5
119860,2022-08-04 10:28:11.14,60.52
119861,2022-08-04 10:29:11.42,60.34
119862,2022-08-04 10:30:11.64,60.42
119863,2022-08-04 10:31:11.86,60.49
119864,2022-08-04 10:32:12.13,60.25
119865,2022-08-04 10:33:12.36,60.37
119866,2022-08-04 10:34:12.59,60.22
119867,2022-08-04 10:35:12.81,60.53
119868,2022-08-04 10:36:13.04,44.97
119869,2022-08-04 10:37:13.28,20.39
119870,2022-08-04 10:38:13.52,20.01
119871,2022-08-04 10:39:13.77,20.34
119872,2022-08-04 10:40:14.04,20.32
119873,2022-08-04 10:41:14.01,20.0
119874,2022-08-04 10:42:14.23,20.18
119875,2022-08-04 10:43:14.46,20.32
119876,2022-08-04 10:44:14.69,19.98
119877,2022-08-04 10:45:14.93,20.13
119878,2022-08-04 10:46:15.18,20.26
119879,2022-08-04 10:47:15.44,19.98
119880,2022-08-04 10:48:15.67,20.2
119881,2022-08-04 10:49:15.89,19.82
119882,2022-08-04 10:50:16.11,20.04
119883,2022-08-04 10:51:16.34,20.02
119884,2022-08-04 10:52:16.58,20.36
119885,2022-08-04 10:53:16.82,19.97
119886,2022-08-04 10:54:17.05,20.34
119887,2022-08-04 10:55:17.29,22.17
119888,2022-08-04 10:56:17.51,20.07
119889,2022-08-04 10:57:17.76,20.25
119890,2022-08-04 10:58:18.01,20.23
119891,2022-08-04 10:59:18.20,20.36
119892,2022-08-04 11:00:18.44,20.16
119893,2022-08-04 11:01:18.63,20.33
119894,2022-08-04 11:02:18.89,20.32
119895,2022-08-04 11:03:19.12,19.81
119896,2022-08-04 11:04:19.35,20.01
119897,2022-08-04 11:05:19.58,20.1
119898,2022-08-04 11:06:19.83,20.6
119899,2022-08-04 11:07:20.06,19.96
119900,2022-08-04 11:08:20.29,19.92
119901,2022-08-04 11:09:20.53,20.0
119902,2022-08-04 11:10:20.76,20.06
119903,2022-08-04 11:11:20.97,20.21
119904,2022-08-04 11:12:21.21,20.13
119905,2022-08-04 11:13:21.46,20.11
119906,2022-08-04 11:14:21.68,20.16
119907,2022-08-04 11:15:21.88,20.11
119908,2022-08-04 11:16:22.11,21.13
119909,2022-08-04 11:17:22.38,20.02
119910,2022-08-04 11:18:22.62,20.4
119911,2022-08-04 11:19:22.86,20.25
119912,2022-08-04 11:20:23.09,20.16
119913,2022-08-04 11:21:23.36,20.21
119914,2022-08-04 11:22:23.65,20.21
119915,2022-08-04 11:23:23.88,20.07
119916,2022-08-04 11:24:24.14,20.04
119917,2022-08-04 11:25:24.38,20.13
119918,2022-08-04 11:26:24.59,20.61
119919,2022-08-04 11:27:24.83,20.39
119920,2022-08-04 11:28:25.05,20.01
119921,2022-08-04 11:29:25.28,20.2
119922,2022-08-04 11:30:25.54,19.98
119923,2022-08-04 11:31:25.78,20.34
119924,2022-08-04 11:32:26.04,20.18
119925,2022-08-04 11:33:26.27,20.23
119926,2022-08-04 11:34:26.50,20.18
119927,2022-08-04 11:35:26.76,21.08
119928,2022-08-04 11:36:27.01,20.19
119929,2022-08-04 11:37:27.25,20.17
119930,2022-08-04 11:38:27.47,20.32
119931,2022-08-04 11:39:27.70,20.08
119932,2022-08-04 11:40:27.99,20.28
119933,2022-08-04 11:41:28.26,20.04
119934,2022-08-04 11:42:28.50,20.16
119935,2022-08-04 11:43:28.71,20.12
119936,2022-08-04 11:44:28.96,20.16
119937,2022-08-04 11:45:29.18,20.14
119938,2022-08-04 11:46:29.45,23.21
119939,2022-08-04 11:47:29.75,20.3
119940,2022-08-04 11:48:30.05,20.06
119941,2022-08-04 11:49:30.30,20.25
119942,2022-08-04 11:50:30.54,20.09
119943,2022-08-04 11:51:30.77,20.11
119944,2022-08-04 11:52:30.97,20.08
119945,2022-08-04 11:53:31.20,19.93
119946,2022-08-04 11:54:31.46,20.04
119947,2022-08-04 11:55:31.73,20.4
119948,2022-08-04 11:56:32.02,20.4
119949,2022-08-04 11:57:32.25,20.06
119950,2022-08-04 11:58:32.53,20.17
119951,2022-08-04 11:59:32.80,19.83
119952,2022-08-04 12:00:33.07,20.15
119953,2022-08-04 12:01:33.32,20.05
119954,2022-08-04 12:02:33.57,20.2
119955,2022-08-04 12:03:33.79,19.96
119956,2022-08-04 12:04:34.05,20.09
119957,2022-08-04 12:05:34.30,19.96
119958,2022-08-04 12:06:34.53,20.35
119959,2022-08-04 12:07:34.76,20.25
119960,2022-08-04 12:08:34.98,19.98
119961,2022-08-04 12:09:35.23,20.32
119962,2022-08-04 12:10:35.46,20.12
119963,2022-08-04 12:11:35.71,20.15
119964,2022-08-04 12:12:35.96,20.1
119965,2022-08-04 12:13:36.21,19.92
119966,2022-08-04 12:14:36.44,20.03
119967,2022-08-04 12:15:36.68,20.46
119968,2022-08-04 12:16:36.96,20.05
119969,2022-08-04 12:17:36.92,22.18
119970,2022-08-04 12:18:37.16,20.05
119971,2022-08-04 12:19:37.44,20.24
119972,2022-08-04 12:20:37.71,20.09
119973,2022-08-04 12:21:37.94,20.08
119974,2022-08-04 12:22:38.18,20.2
119975,2022-08-04 12:23:38.41,20.12
119976,2022-08-04 12:24:38.63,20.08
119977,2022-08-04 12:25:38.85,20.12
119978,2022-08-04 12:26:39.15,21.16
119979,2022-08-04 12:27:39.36,20.25
119980,2022-08-04 12:28:39.63,20.23
119981,2022-08-04 12:29:39.93,20.46
119982,2022-08-04 12:30:40.15,20.03
119983,2022-08-04 12:31:40.38,19.97
119984,2022-08-04 12:32:40.60,20.23
119985,2022-08-04 12:33:40.81,20.05
119986,2022-08-04 12:34:41.06,20.06
119987,2022-08-04 12:35:41.29,20.2
119988,2022-08-04 12:36:41.53,19.88
119989,2022-08-04 12:37:41.80,20.18
119990,2022-08-04 12:38:42.06,20.18
119991,2022-08-04 12:39:42.29,20.13
119992,2022-08-04 12:40:42.54,20.2
119993,2022-08-04 12:41:42.82,20.31
119994,2022-08-04 12:42:43.03,19.98
119995,2022-08-04 12:43:43.25,20.19
119996,2022-08-04 12:44:43.48,20.11
119997,2022-08-04 12:45:43.72,20.15
119998,2022-08-04 12:46:43.92,20.77
119999,2022-08-04 12:47:44.15,20.32
120000,2022-08-04 12:48:44.37,20.11
120001,2022-08-04 12:49:44.59,20.08
120002,2022-08-04 12:50:44.87,20.02
120003,2022-08-04 12:51:45.12,20.12
120004,2022-08-04 12:52:45.40,19.95
120005,2022-08-04 12:53:45.34,20.41
120006,2022-08-04 12:54:45.57,20.03
120007,2022-08-04 12:55:45.80,20.64
120008,2022-08-04 12:56:46.08,20.28
120009,2022-08-04 12:57:46.34,20.06
120010,2022-08-04 12:58:46.63,19.99
120011,2022-08-04 12:59:46.83,20.06
120012,2022-08-04 13:00:47.06,20.11
120013,2022-08-04 13:01:47.32,20.23
120014,2022-08-04 13:02:47.54,19.99
120015,2022-08-04 13:03:47.78,20.15
120016,2022-08-04 13:04:48.01,20.04
120017,2022-08-04 13:05:48.26,20.07
120018,2022-08-04 13:06:48.47,21.94
120019,2022-08-04 13:07:48.70,20.24
120020,2022-08-04 13:08:48.93,20.27
120021,2022-08-04 13:09:49.18,19.98
120022,2022-08-04 13:10:49.45,19.86
120023,2022-08-04 13:11:49.73,20.0
120024,2022-08-04 13:12:50.01,20.14
120025,2022-08-04 13:13:50.25,20.13
120026,2022-08-04 13:14:50.52,20.16
120027,2022-08-04 13:15:50.71,20.41
120028,2022-08-04 13:16:51.00,20.13
120029,2022-08-04 13:17:51.23,19.83
120030,2022-08-04 13:18:51.48,19.98
120031,2022-08-04 13:19:51.73,20.06
120032,2022-08-04 13:20:51.97,20.14
120033,2022-08-04 13:21:52.19,19.94
120034,2022-08-04 13:22:52.41,20.22
120035,2022-08-04 13:23:52.67,19.98
120036,2022-08-04 13:24:52.89,20.04
120037,2022-08-04 13:25:53.13,20.06
120038,2022-08-04 13:26:53.36,21.04
120039,2022-08-04 13:27:53.60,20.1
120040,2022-08-04 13:28:53.81,20.05
120041,2022-08-04 13:29:54.08,19.95
120042,2022-08-04 13:30:54.30,20.18
120043,2022-08-04 13:31:54.58,20.09
120044,2022-08-04 13:32:54.82,20.02
120045,2022-08-04 13:33:55.08,20.2
120046,2022-08-04 13:34:55.29,20.11
120047,2022-08-04 13:35:55.51,20.91
120048,2022-08-04 13:36:55.75,20.09
120049,2022-08-04 13:37:56.01,19.98
120050,2022-08-04 13:38:56.21,20.34
120051,2022-08-04 13:39:56.43,20.09
120052,2022-08-04 13:40:56.65,20.17
120053,2022-08-04 13:41:56.94,20.08
120054,2022-08-04 13:42:57.16,20.03
120055,2022-08-04 13:43:57.38,20.02
120056,2022-08-04 13:44:57.65,20.15
120057,2022-08-04 13:45:57.87,19.88
120058,2022-08-04 13:46:58.11,20.53
120059,2022-08-04 13:47:58.36,20.42
120060,2022-08-04 13:48:58.59,20.17
120061,2022-08-04 13:49:58.84,20.28
120062,2022-08-04 13:50:59.15,20.06
120063,2022-08-04 13:51:59.39,20.06
120064,2022-08-04 13:52:59.63,20.0
120065,2022-08-04 13:53:59.86,20.04
120066,2022-08-04 13:55:00.08,19.87
120067,2022-08-04 13:56:00.34,22.58
120068,2022-08-04 13:57:00.56,19.99
120069,2022-08-04 13:58:00.81,20.0
120070,2022-08-04 13:59:01.04,20.2
120071,2022-08-04 14:00:01.28,20.11
120072,2022-08-04 14:01:01.59,20.12
120073,2022-08-04 14:02:01.83,20.24
120074,2022-08-04 14:03:02.05,20.09
120075,2022-08-04 14:04:02.29,20.22
120076,2022-08-04 14:05:02.51,19.86
120077,2022-08-04 14:06:02.74,20.55
120078,2022-08-04 14:07:02.96,20.2
120079,2022-08-04 14:08:03.19,20.04
120080,2022-08-04 14:09:03.44,20.12
120081,2022-08-04 14:10:03.67,19.8
120082,2022-08-04 14:11:03.88,19.69
120083,2022-08-04 14:12:04.12,19.96
120084,2022-08-04 14:13:04.37,20.25
120085,2022-08-04 14:14:04.61,19.94
120086,2022-08-04 14:15:04.81,21.46
120087,2022-08-04 14:16:05.05,20.13
120088,2022-08-04 14:17:05.27,19.97
120089,2022-08-04 14:18:05.48,20.15
120090,2022-08-04 14:19:05.72,19.95
120091,2022-08-04 14:20:05.95,19.97
120092,2022-08-04 14:21:06.18,20.08
120093,2022-08-04 14:22:06.46,20.19
120094,2022-08-04 14:23:06.71,20.93
120095,2022-08-04 14:24:06.94,20.17
120096,2022-08-04 14:25:07.16,20.09
120097,2022-08-04 14:26:07.40,20.5
120098,2022-08-04 14:27:07.64,20.26
120099,2022-08-04 14:28:07.89,20.11
120100,2022-08-04 14:29:08.18,20.3
120101,2022-08-04 14:30:08.41,20.25
120102,2022-08-04 14:31:08.63,20.12
120103,2022-08-04 14:32:08.87,20.03
120104,2022-08-04 14:33:09.09,20.14
120105,2022-08-04 14:34:09.32,20.01
120106,2022-08-04 14:35:09.59,21.12
120107,2022-08-04 14:36:09.81,20.05
120108,2022-08-04 14:37:10.07,20.19
120109,2022-08-04 14:38:10.31,20.07
120110,2022-08-04 14:39:10.53,19.97
120111,2022-08-04 14:40:10.76,20.09
120112,2022-08-04 14:41:10.99,20.19
120113,2022-08-04 14:42:11.19,20.15
120114,2022-08-04 14:43:11.42,20.0
120115,2022-08-04 14:44:11.67,19.87
120116,2022-08-04 14:45:11.91,20.13
120117,2022-08-04 14:46:12.21,20.56
120118,2022-08-04 14:47:12.45,19.89
120119,2022-08-04 14:48:12.75,20.07
120120,2022-08-04 14:49:12.98,20.03
120121,2022-08-04 14:50:13.21,19.89
120122,2022-08-04 14:51:13.45,19.99
120123,2022-08-04 14:52:13.69,19.91
120124,2022-08-04 14:53:13.93,20.04
120125,2022-08-04 14:54:14.18,20.22
120126,2022-08-04 14:55:14.40,20.65
120127,2022-08-04 14:56:14.64,20.05
120128,2022-08-04 14:57:14.86,20.16
120129,2022-08-04 14:58:15.10,20.17
120130,2022-08-04 14:59:15.34,20.04
120131,2022-08-04 15:00:15.60,20.12
120132,2022-08-04 15:01:15.85,20.16
120133,2022-08-04 15:02:16.08,20.3
120134,2022-08-04 15:03:16.32,20.15
120135,2022-08-04 15:04:16.56,20.1
120136,2022-08-04 15:05:16.79,20.0
120137,2022-08-04 15:06:17.06,20.75
120138,2022-08-04 15:07:17.31,20.02
120139,2022-08-04 15:08:17.56,20.1
120140,2022-08-04 15:09:17.81,20.01
120141,2022-08-04 15:10:18.07,21.04
120142,2022-08-04 15:11:18.32,20.13
120143,2022-08-04 15:12:18.54,20.12
120144,2022-08-04 15:13:18.79,20.22
120145,2022-08-04 15:14:19.01,19.78
120146,2022-08-04 15:15:19.23,20.43
120147,2022-08-04 15:16:19.47,20.13
120148,2022-08-04 15:17:19.73,20.18
120149,2022-08-04 15:18:19.99,20.0
120150,2022-08-04 15:19:20.25,19.8
120151,2022-08-04 15:20:20.49,20.19
120152,2022-08-04 15:21:20.73,20.17
120153,2022-08-04 15:22:20.95,20.34
120154,2022-08-04 15:23:21.17,20.1
120155,2022-08-04 15:24:21.40,19.88
120156,2022-08-04 15:25:21.66,19.94
120157,2022-08-04 15:26:21.95,33.7
120158,2022-08-04 15:27:21.89,61.25
120159,2022-08-04 15:28:22.12,61.14
120160,2022-08-04 15:29:22.38,60.79
120161,2022-08-04 15:30:22.68,60.96
120162,2022-08-04 15:31:22.92,60.57
120163,2022-08-04 15:32:23.13,60.71
120164,2022-08-04 15:33:23.40,61.14
120165,2022-08-04 15:34:23.64,60.83
120166,2022-08-04 15:35:23.90,60.82
120167,2022-08-04 15:36:24.12,61.33
120168,2022-08-04 15:37:24.37,60.64
120169,2022-08-04 15:38:24.66,60.45
120170,2022-08-04 15:39:24.91,60.63
120171,2022-08-04 15:40:25.17,60.64
120172,2022-08-04 15:41:25.40,60.75
120173,2022-08-04 15:42:25.66,60.66
120174,2022-08-04 15:43:25.92,60.85
120175,2022-08-04 15:44:26.15,61.0
120176,2022-08-04 15:45:26.43,60.81
120177,2022-08-04 15:46:26.67,60.82
120178,2022-08-04 15:47:26.90,60.48
120179,2022-08-04 15:48:27.13,61.19
120180,2022-08-04 15:49:27.35,60.69
120181,2022-08-04 15:50:27.58,60.85
120182,2022-08-04 15:51:27.82,60.84
120183,2022-08-04 15:52:28.04,61.03
120184,2022-08-04 15:53:28.28,60.8
120185,2022-08-04 15:54:28.53,60.84
120186,2022-08-04 15:55:28.76,60.91
120187,2022-08-04 15:56:29.01,60.75
120188,2022-08-04 15:57:29.27,60.66
120189,2022-08-04 15:58:29.51,60.85
120190,2022-08-04 15:59:29.74,60.4
120191,2022-08-04 16:00:29.97,60.76
120192,2022-08-04 16:01:30.25,60.75
120193,2022-08-04 16:02:30.47,60.63
120194,2022-08-04 16:03:30.72,61.1
120195,2022-08-04 16:04:30.96,60.85
120196,2022-08-04 16:05:31.25,60.62
120197,2022-08-04 16:06:31.22,61.03
120198,2022-08-04 16:07:31.44,60.79
120199,2022-08-04 16:08:31.70,61.04
120200,2022-08-04 16:09:31.93,60.55
120201,2022-08-04 16:10:32.18,60.73
120202,2022-08-04 16:11:32.41,61.09
120203,2022-08-04 16:12:32.68,60.84
120204,2022-08-04 16:13:32.96,60.74
120205,2022-08-04 16:14:33.17,60.65
120206,2022-08-04 16:15:33.40,60.66
120207,2022-08-04 16:16:33.63,60.39
120208,2022-08-04 16:17:33.84,61.05
120209,2022-08-04 16:18:34.09,61.08
120210,2022-08-04 16:19:34.32,60.87
120211,2022-08-04 16:20:34.58,60.81
120212,2022-08-04 16:21:34.85,60.89
120213,2022-08-04 16:22:35.08,61.04
120214,2022-08-04 16:23:35.34,60.77
120215,2022-08-04 16:24:35.62,60.44
120216,2022-08-04 16:25:35.85,61.37
120217,2022-08-04 16:26:36.10,39.14
120218,2022-08-04 16:27:36.35,20.06
120219,2022-08-04 16:28:36.56,20.06
120220,2022-08-04 16:29:36.83,20.27
120221,2022-08-04 16:30:37.06,20.04
120222,2022-08-04 16:31:37.31,20.12
120223,2022-08-04 16:32:37.53,20.01
120224,2022-08-04 16:33:37.83,20.13
120225,2022-08-04 16:34:38.08,20.1
120226,2022-08-04 16:35:38.37,19.77
120227,2022-08-04 16:36:38.61,19.97
120228,2022-08-04 16:37:38.84,20.2
120229,2022-08-04 16:38:39.10,19.9
120230,2022-08-04 16:39:39.34,20.08
120231,2022-08-04 16:40:39.59,19.91
120232,2022-08-04 16:41:39.83,20.12
120233,2022-08-04 16:42:40.08,20.23
120234,2022-08-04 16:43:40.30,19.97
120235,2022-08-04 16:44:40.55,20.13
120236,2022-08-04 16:45:40.83,20.01
120237,2022-08-04 16:46:41.11,20.04
120238,2022-08-04 16:47:41.35,20.07
120239,2022-08-04 16:48:41.58,19.93
120240,2022-08-04 16:49:41.83,20.12
120241,2022-08-04 16:50:42.08,20.0
120242,2022-08-04 16:51:42.36,20.05
120243,2022-08-04 16:52:42.65,20.14
120244,2022-08-04 16:53:42.61,20.22
120245,2022-08-04 16:54:42.84,20.1
120246,2022-08-04 16:55:43.09,20.09
120247,2022-08-04 16:56:43.30,20.07
120248,2022-08-04 16:57:43.53,20.26
120249,2022-08-04 16:58:43.79,20.28
120250,2022-08-04 16:59:44.01,20.21
120251,2022-08-04 17:00:44.29,20.19
120252,2022-08-04 17:01:44.22,20.27
120253,2022-08-04 17:02:44.48,20.3
120254,2022-08-04 17:03:44.73,20.03
120255,2022-08-04 17:04:44.97,20.25
120256,2022-08-04 17:05:45.26,20.11
120257,2022-08-04 17:06:45.48,20.25
120258,2022-08-04 17:07:45.73,20.25
120259,2022-08-04 17:08:45.97,20.17
120260,2022-08-04 17:09:46.20,20.0
120261,2022-08-04 17:10:46.43,20.17
120262,2022-08-04 17:11:46.66,20.14
120263,2022-08-04 17:12:46.87,20.18
120264,2022-08-04 17:13:47.10,20.23
120265,2022-08-04 17:14:47.35,20.11
120266,2022-08-04 17:15:47.61,19.92
120267,2022-08-04 17:16:47.84,20.19
120268,2022-08-04 17:17:48.11,20.27
120269,2022-08-04 17:18:48.35,20.31
120270,2022-08-04 17:19:48.60,20.15
120271,2022-08-04 17:20:48.83,20.23
120272,2022-08-04 17:21:49.07,20.08
120273,2022-08-04 17:22:49.30,20.15
120274,2022-08-04 17:23:49.55,20.21
120275,2022-08-04 17:24:49.79,20.17
120276,2022-08-04 17:25:50.05,20.02
120277,2022-08-04 17:26:50.32,20.11
120278,2022-08-04 17:27:50.54,19.96
120279,2022-08-04 17:28:50.77,20.31
120280,2022-08-04 17:29:51.02,19.86
120281,2022-08-04 17:30:51.27,20.18
120282,2022-08-04 17:31:51.50,19.84
120283,2022-08-04 17:32:51.74,20.21
120284,2022-08-04 17:33:52.02,19.97
120285,2022-08-04 17:34:51.97,20.06
120286,2022-08-04 17:35:52.22,19.97
120287,2022-08-04 17:36:52.45,20.15
120288,2022-08-04 17:37:52.67,19.88
120289,2022-08-04 17:38:52.90,20.06
120290,2022-08-04 17:39:53.13,20.34
120291,2022-08-04 17:40:53.38,20.39
120292,2022-08-04 17:41:53.68,20.09
120293,2022-08-04 17:42:53.91,20.29
120294,2022-08-04 17:43:54.13,20.11
120295,2022-08-04 17:44:54.36,20.31
120296,2022-08-04 17:45:54.63,20.28
120297,2022-08-04 17:46:54.88,20.2
120298,2022-08-04 17:47:55.13,20.08
120299,2022-08-04 17:48:55.38,20.03
120300,2022-08-04 17:49:55.63,20.15
120301,2022-08-04 17:50:55.83,20.12
120302,2022-08-04 17:51:56.05,19.98
120303,2022-08-04 17:52:56.29,20.2
120304,2022-08-04 17:53:56.53,19.96
120305,2022-08-04 17:54:56.76,20.02
120306,2022-08-04 17:55:56.99,20.4
120307,2022-08-04 17:56:57.20,19.86
120308,2022-08-04 17:57:57.45,19.94
120309,2022-08-04 17:58:57.69,19.99
120310,2022-08-04 17:59:57.94,19.91
120311,2022-08-04 18:00:58.18,20.11
120312,2022-08-04 18:01:58.47,20.19
120313,2022-08-04 18:02:58.68,20.08
120314,2022-08-04 18:03:58.93,20.22
120315,2022-08-04 18:04:59.17,20.25
120316,2022-08-04 18:05:59.39,20.02
120317,2022-08-04 18:06:59.66,20.11
120318,2022-08-04 18:07:59.92,20.2
120319,2022-08-04 18:09:00.17,20.02
120320,2022-08-04 18:10:00.41,20.17
120321,2022-08-04 18:11:00.64,20.05
120322,2022-08-04 18:12:00.87,20.06
120323,2022-08-04 18:13:01.12,20.14
120324,2022-08-04 18:14:01.38,19.89
120325,2022-08-04 18:15:01.63,19.72
120326,2022-08-04 18:16:01.87,20.23
120327,2022-08-04 18:17:02.14,20.23
120328,2022-08-04 18:18:02.42,20.19
120329,2022-08-04 18:19:02.68,20.24
120330,2022-08-04 18:20:02.98,20.23
120331,2022-08-04 18:21:03.26,20.25
120332,2022-08-04 18:22:03.53,20.17
120333,2022-08-04 18:23:03.80,20.08
120334,2022-08-04 18:24:04.04,20.2
120335,2022-08-04 18:25:04.26,20.11
120336,2022-08-04 18:26:04.53,19.83
120337,2022-08-04 18:27:04.77,20.18
120338,2022-08-04 18:28:05.00,20.32
120339,2022-08-04 18:29:05.22,20.07
120340,2022-08-04 18:30:05.48,20.06
120341,2022-08-04 18:31:05.82,20.02
120342,2022-08-04 18:32:06.01,20.09
120343,2022-08-04 18:33:06.23,20.13
120344,2022-08-04 18:34:06.46,19.92
120345,2022-08-04 18:35:06.72,20.05
120346,2022-08-04 18:36:06.95,20.02
120347,2022-08-04 18:37:07.18,19.98
120348,2022-08-04 18:38:07.39,20.15
120349,2022-08-04 18:39:07.66,20.17
120350,2022-08-04 18:40:07.91,20.24
120351,2022-08-04 18:41:08.15,20.23
120352,2022-08-04 18:42:08.41,19.86
120353,2022-08-04 18:43:08.64,20.34
120354,2022-08-04 18:44:08.89,20.08
120355,2022-08-04 18:45:09.10,20.04
120356,2022-08-04 18:46:09.37,20.02
120357,2022-08-04 18:47:09.61,20.29
120358,2022-08-04 18:48:09.83,20.13
120359,2022-08-04 18:49:10.06,20.19
120360,2022-08-04 18:50:10.31,20.23
120361,2022-08-04 18:51:10.57,20.05
120362,2022-08-04 18:52:10.84,20.28
120363,2022-08-04 18:53:11.08,20.15
120364,2022-08-04 18:54:11.31,20.05
120365,2022-08-04 18:55:11.58,20.32
120366,2022-08-04 18:56:11.80,20.15
120367,2022-08-04 18:57:12.04,20.21
120368,2022-08-04 18:58:12.32,20.11
120369,2022-08-04 18:59:12.55,20.08
120370,2022-08-04 19:00:12.81,20.18
120371,2022-08-04 19:01:13.05,20.28
120372,2022-08-04 19:02:13.27,20.19
120373,2022-08-04 19:03:13.50,20.15
120374,2022-08-04 19:04:13.73,19.88
120375,2022-08-04 19:05:14.01,20.34
120376,2022-08-04 19:06:14.26,20.23
120377,2022-08-04 19:07:14.51,19.95
120378,2022-08-04 19:08:14.81,19.95
120379,2022-08-04 19:09:15.07,19.99
120380,2022-08-04 19:10:15.34,19.91
120381,2022-08-04 19:11:15.58,20.21
120382,2022-08-04 19:12:15.80,20.06
120383,2022-08-04 19:13:16.03,20.03
120384,2022-08-04 19:14:16.28,20.07
120385,2022-08-04 19:15:16.51,20.09
120386,2022-08-04 19:16:16.74,20.04
120387,2022-08-04 19:17:16.98,20.0
120388,2022-08-04 19:18:17.27,20.0
120389,2022-08-04 19:19:17.20,20.22
120390,2022-08-04 19:20:17.47,20.51
120391,2022-08-04 19:21:17.70,20.06
120392,2022-08-04 19:22:17.94,20.15
120393,2022-08-04 19:23:18.17,20.16
120394,2022-08-04 19:24:18.41,20.14
120395,2022-08-04 19:25:18.64,20.04
120396,2022-08-04 19:26:18.93,20.11
120397,2022-08-04 19:27:19.20,20.14
120398,2022-08-04 19:28:19.51,20.02
120399,2022-08-04 19:29:19.76,20.14
120400,2022-08-04 19:30:19.99,20.1
120401,2022-08-04 19:31:20.25,20.24
120402,2022-08-04 19:32:20.47,20.16
120403,2022-08-04 19:33:20.71,20.34
120404,2022-08-04 19:34:20.94,20.06
120405,2022-08-04 19:35:21.17,19.99
120406,2022-08-04 19:36:21.42,20.13
120407,2022-08-04 19:37:21.66,20.28
120408,2022-08-04 19:38:21.94,20.3
120409,2022-08-04 19:39:22.18,20.19
120410,2022-08-04 19:40:22.39,20.04
120411,2022-08-04 19:41:22.67,20.08
120412,2022-08-04 19:42:22.92,20.13
120413,2022-08-04 19:43:23.19,20.13
120414,2022-08-04 19:44:23.42,20.01
120415,2022-08-04 19:45:23.66,20.15
120416,2022-08-04 19:46:23.90,20.16
120417,2022-08-04 19:47:24.14,20.27
120418,2022-08-04 19:48:24.42,20.0
120419,2022-08-04 19:49:24.66,20.45
120420,2022-08-04 19:50:24.96,20.27
120421,2022-08-04 19:51:24.91,20.04
120422,2022-08-04 19:52:25.17,20.1
120423,2022-08-04 19:53:25.41,20.28
120424,2022-08-04 19:54:25.70,20.3
120425,2022-08-04 19:55:25.63,25.62
120426,2022-08-04 19:56:25.88,20.13
120427,2022-08-04 19:57:26.15,20.18
120428,2022-08-04 19:58:26.43,20.28
120429,2022-08-04 19:59:26.66,20.1
120430,2022-08-04 20:00:26.90,20.07
120431,2022-08-04 20:01:27.17,20.17
120432,2022-08-04 20:02:27.40,20.21
120433,2022-08-04 20:03:27.64,20.17
120434,2022-08-04 20:04:27.90,20.76
120435,2022-08-04 20:05:28.18,20.68
120436,2022-08-04 20:06:28.41,20.24
120437,2022-08-04 20:07:28.62,21.75
120438,2022-08-04 20:08:28.87,20.36
120439,2022-08-04 20:09:29.10,20.1
120440,2022-08-04 20:10:29.33,20.15
120441,2022-08-04 20:11:29.58,20.28
120442,2022-08-04 20:12:29.85,20.33
120443,2022-08-04 20:13:30.09,20.21
120444,2022-08-04 20:14:30.32,20.19
120445,2022-08-04 20:15:30.55,20.14
120446,2022-08-04 20:16:30.83,20.47
120447,2022-08-04 20:17:31.08,20.24
120448,2022-08-04 20:18:31.33,20.5
120449,2022-08-04 20:19:31.61,20.34
120450,2022-08-04 20:20:31.89,20.04
120451,2022-08-04 20:21:32.14,20.35
120452,2022-08-04 20:22:32.43,20.21
120453,2022-08-04 20:23:32.64,20.27
120454,2022-08-04 20:24:32.90,20.2
120455,2022-08-04 20:25:33.15,20.58
120456,2022-08-04 20:26:33.37,20.41
120457,2022-08-04 20:27:33.61,20.16
120458,2022-08-04 20:28:33.91,20.25
120459,2022-08-04 20:29:34.13,20.35
120460,2022-08-04 20:30:34.39,20.12
120461,2022-08-04 20:31:34.70,20.77
120462,2022-08-04 20:32:34.63,20.23
120463,2022-08-04 20:33:34.86,20.55
120464,2022-08-04 20:34:35.15,20.14
120465,2022-08-04 20:35:35.40,20.57
120466,2022-08-04 20:36:35.66,20.77
120467,2022-08-04 20:37:35.90,21.02
120468,2022-08-04 20:38:36.16,20.42
120469,2022-08-04 20:39:36.42,20.3
120470,2022-08-04 20:40:36.62,20.09
120471,2022-08-04 20:41:36.88,20.57
120472,2022-08-04 20:42:37.11,20.27
120473,2022-08-04 20:43:37.36,20.28
120474,2022-08-04 20:44:37.58,20.05
120475,2022-08-04 20:45:37.81,20.1
120476,2022-08-04 20:46:38.04,20.13
120477,2022-08-04 20:47:38.32,20.53
120478,2022-08-04 20:48:38.55,20.4
120479,2022-08-04 20:49:38.81,20.57
120480,2022-08-04 20:50:39.07,20.49
120481,2022-08-04 20:51:39.33,20.25
120482,2022-08-04 20:52:39.58,20.72
120483,2022-08-04 20:53:39.82,20.11
120484,2022-08-04 20:54:40.05,21.16
120485,2022-08-04 20:55:40.30,20.41
120486,2022-08-04 20:56:40.53,20.2
120487,2022-08-04 20:57:40.81,20.31
120488,2022-08-04 20:58:41.04,20.39
120489,2022-08-04 20:59:41.25,20.14
120490,2022-08-04 21:00:41.49,20.2
120491,2022-08-04 21:01:41.72,19.94
120492,2022-08-04 21:02:41.97,20.14
120493,2022-08-04 21:03:42.22,20.42
120494,2022-08-04 21:04:42.48,20.56
120495,2022-08-04 21:05:42.72,20.02
120496,2022-08-04 21:06:42.96,20.21
120497,2022-08-04 21:07:43.15,20.34
120498,2022-08-04 21:08:43.40,20.4
120499,2022-08-04 21:09:43.65,20.96
120500,2022-08-04 21:10:43.90,20.4
120501,2022-08-04 21:11:44.13,20.2
120502,2022-08-04 21:12:44.41,20.14
120503,2022-08-04 21:13:44.66,20.34
120504,2022-08-04 21:14:44.93,20.46
120505,2022-08-04 21:15:45.15,20.15
120506,2022-08-04 21:16:45.40,20.16
120507,2022-08-04 21:17:45.64,20.25
120508,2022-08-04 21:18:45.88,20.25
120509,2022-08-04 21:19:46.13,20.4
120510,2022-08-04 21:20:46.41,20.14
120511,2022-08-04 21:21:46.62,20.18
120512,2022-08-04 21:22:46.86,20.38
120513,2022-08-04 21:23:47.12,20.03
120514,2022-08-04 21:24:47.35,20.29
120515,2022-08-04 21:25:47.58,20.24
120516,2022-08-04 21:26:47.85,20.2
120517,2022-08-04 21:27:48.13,20.16
120518,2022-08-04 21:28:48.37,20.42
120519,2022-08-04 21:29:48.64,20.25
120520,2022-08-04 21:30:48.89,20.26
120521,2022-08-04 21:31:49.11,20.32
120522,2022-08-04 21:32:49.36,20.22
120523,2022-08-04 21:33:49.59,20.25
120524,2022-08-04 21:34:49.85,20.07
120525,2022-08-04 21:35:50.08,20.16
120526,2022-08-04 21:36:50.32,20.14
120527,2022-08-04 21:37:50.58,20.36
120528,2022-08-04 21:38:50.79,20.2
120529,2022-08-04 21:39:51.04,20.18
120530,2022-08-04 21:40:51.27,20.35
120531,2022-08-04 21:41:51.49,20.41
120532,2022-08-04 21:42:51.73,20.36
120533,2022-08-04 21:43:52.04,20.5
120534,2022-08-04 21:44:52.28,20.06
120535,2022-08-04 21:45:52.56,20.34
120536,2022-08-04 21:46:52.79,20.29
120537,2022-08-04 21:47:53.03,20.41
120538,2022-08-04 21:48:53.33,20.09
120539,2022-08-04 21:49:53.60,20.11
120540,2022-08-04 21:50:53.85,20.39
120541,2022-08-04 21:51:54.09,20.29
120542,2022-08-04 21:52:54.31,20.27
120543,2022-08-04 21:53:54.56,20.32
120544,2022-08-04 21:54:54.80,20.15
120545,2022-08-04 21:55:55.02,19.99
120546,2022-08-04 21:56:55.26,20.32
120547,2022-08-04 21:57:55.53,20.18
120548,2022-08-04 21:58:55.75,20.3
120549,2022-08-04 21:59:55.99,20.44
120550,2022-08-04 22:00:56.22,20.26
120551,2022-08-04 22:01:56.44,20.31
120552,2022-08-04 22:02:56.69,20.36
120553,2022-08-04 22:03:56.92,20.37
120554,2022-08-04 22:04:57.21,20.49
120555,2022-08-04 22:05:57.43,20.32
120556,2022-08-04 22:06:57.69,20.24
120557,2022-08-04 22:07:57.99,20.4
120558,2022-08-04 22:08:58.20,20.4
120559,2022-08-04 22:09:58.43,20.35
120560,2022-08-04 22:10:58.72,20.19
120561,2022-08-04 22:11:58.99,20.37
120562,2022-08-04 22:12:59.26,20.29
120563,2022-08-04 22:13:59.49,20.48
120564,2022-08-04 22:14:59.71,20.5
120565,2022-08-04 22:15:59.97,20.35
120566,2022-08-04 22:17:00.17,20.23
120567,2022-08-04 22:18:00.39,20.4
120568,2022-08-04 22:19:00.65,20.27
120569,2022-08-04 22:20:00.86,20.65
120570,2022-08-04 22:21:01.11,20.7
120571,2022-08-04 22:22:01.33,20.36
120572,2022-08-04 22:23:01.57,20.03
120573,2022-08-04 22:24:01.82,20.49
120574,2022-08-04 22:25:02.09,20.56
120575,2022-08-04 22:26:02.33,20.36
120576,2022-08-04 22:27:02.58,20.31
120577,2022-08-04 22:28:02.81,20.53
120578,2022-08-04 22:29:03.05,20.37
120579,2022-08-04 22:30:03.27,20.35
120580,2022-08-04 22:31:03.50,20.44
120581,2022-08-04 22:32:03.74,20.23
120582,2022-08-04 22:33:03.99,20.16
120583,2022-08-04 22:34:04.24,21.56
120584,2022-08-04 22:35:04.54,20.59
120585,2022-08-04 22:36:04.77,20.34
120586,2022-08-04 22:37:05.03,21.2
120587,2022-08-04 22:38:05.27,20.2
120588,2022-08-04 22:39:05.50,20.21
120589,2022-08-04 22:40:05.74,20.44
120590,2022-08-04 22:41:05.97,20.25
120591,2022-08-04 22:42:06.24,20.44
120592,2022-08-04 22:43:06.49,20.34
120593,2022-08-04 22:44:06.74,20.25
120594,2022-08-04 22:45:06.98,20.47
120595,2022-08-04 22:46:07.23,20.17
120596,2022-08-04 22:47:07.51,20.3
120597,2022-08-04 22:48:07.74,20.47
120598,2022-08-04 22:49:07.98,20.21
120599,2022-08-04 22:50:08.23,20.26
120600,2022-08-04 22:51:08.46,20.31
120601,2022-08-04 22:52:08.72,20.36
120602,2022-08-04 22:53:09.01,20.35
120603,2022-08-04 22:54:08.97,20.1
120604,2022-08-04 22:55:09.23,20.33
120605,2022-08-04 22:56:09.49,20.53
120606,2022-08-04 22:57:09.74,20.39
120607,2022-08-04 22:58:09.97,20.18
120608,2022-08-04 22:59:10.21,20.29
120609,2022-08-04 23:00:10.50,20.54
120610,2022-08-04 23:01:10.76,20.41
120611,2022-08-04 23:02:11.02,20.5
120612,2022-08-04 23:03:11.24,20.52
120613,2022-08-04 23:04:11.52,20.54
120614,2022-08-04 23:05:11.76,20.3
120615,2022-08-04 23:06:11.99,20.15
120616,2022-08-04 23:07:12.22,20.46
120617,2022-08-04 23:08:12.46,20.81
120618,2022-08-04 23:09:12.67,20.55
120619,2022-08-04 23:10:12.92,20.36
120620,2022-08-04 23:11:13.22,20.37
120621,2022-08-04 23:12:13.44,20.5
120622,2022-08-04 23:13:13.72,20.2
120623,2022-08-04 23:14:13.97,20.17
120624,2022-08-04 23:15:14.21,20.35
120625,2022-08-04 23:16:14.48,20.13
120626,2022-08-04 23:17:14.69,20.63
120627,2022-08-04 23:18:14.96,20.26
120628,2022-08-04 23:19:15.26,20.33
120629,2022-08-04 23:20:15.54,21.23
120630,2022-08-04 23:21:15.81,20.28
120631,2022-08-04 23:22:15.75,20.46
120632,2022-08-04 23:23:15.98,20.37
120633,2022-08-04 23:24:16.24,20.32
120634,2022-08-04 23:25:16.53,20.33
120635,2022-08-04 23:26:16.48,20.4
120636,2022-08-04 23:27:16.71,20.43
120637,2022-08-04 23:28:16.94,20.16
120638,2022-08-04 23:29:17.21,20.79
120639,2022-08-04 23:30:17.47,20.26
120640,2022-08-04 23:31:17.72,20.42
120641,2022-08-04 23:32:17.98,20.44
120642,2022-08-04 23:33:18.25,20.27
120643,2022-08-04 23:34:18.53,20.48
120644,2022-08-04 23:35:18.77,20.7
120645,2022-08-04 23:36:19.01,20.32
120646,2022-08-04 23:37:19.25,20.27
120647,2022-08-04 23:38:19.48,20.27
120648,2022-08-04 23:39:19.72,20.28
120649,2022-08-04 23:40:19.97,20.46
120650,2022-08-04 23:41:20.20,20.43
120651,2022-08-04 23:42:20.44,20.26
120652,2022-08-04 23:43:20.71,20.57
120653,2022-08-04 23:44:20.98,20.42
120654,2022-08-04 23:45:21.22,20.23
120655,2022-08-04 23:46:21.43,20.38
120656,2022-08-04 23:47:21.69,20.21
120657,2022-08-04 23:48:21.94,20.25
120658,2022-08-04 23:49:22.19,20.48
120659,2022-08-04 23:50:22.41,20.4
120660,2022-08-04 23:51:22.65,20.22
120661,2022-08-04 23:52:22.88,22.32
120662,2022-08-04 23:53:23.15,20.41
120663,2022-08-04 23:54:23.40,20.34
120664,2022-08-04 23:55:23.69,20.4
120665,2022-08-04 23:56:23.93,20.53
120666,2022-08-04 23:57:24.14,20.44
120667,2022-08-04 23:58:24.40,20.26
120668,2022-08-04 23:59:24.70,20.06
120669,2022-08-05 00:00:24.95,20.39
120670,2022-08-05 00:01:25.22,20.36
120671,2022-08-05 00:02:25.47,20.5
120672,2022-08-05 00:03:25.75,20.22
120673,2022-08-05 00:04:26.00,20.57
120674,2022-08-05 00:05:26.27,20.27
120675,2022-08-05 00:06:26.50,20.45
120676,2022-08-05 00:07:26.75,20.17
120677,2022-08-05 00:08:26.96,20.41
120678,2022-08-05 00:09:27.28,21.63
120679,2022-08-05 00:10:27.28,20.31
120680,2022-08-05 00:11:27.50,20.29
120681,2022-08-05 00:12:27.80,20.46
120682,2022-08-05 00:13:28.04,20.23
120683,2022-08-05 00:14:28.30,20.5
120684,2022-08-05 00:15:28.57,20.22
120685,2022-08-05 00:16:28.89,20.47
120686,2022-08-05 00:17:29.11,20.24
120687,2022-08-05 00:18:29.33,20.4
120688,2022-08-05 00:19:29.56,20.39
120689,2022-08-05 00:20:29.82,20.18
120690,2022-08-05 00:21:30.06,20.29
120691,2022-08-05 00:22:30.32,20.47
120692,2022-08-05 00:23:30.57,20.28
120693,2022-08-05 00:24:30.80,20.27
120694,2022-08-05 00:25:31.03,20.38
120695,2022-08-05 00:26:31.28,20.32
120696,2022-08-05 00:27:31.54,20.07
120697,2022-08-05 00:28:31.80,20.36
120698,2022-08-05 00:29:32.02,20.22
120699,2022-08-05 00:30:32.30,20.34
120700,2022-08-05 00:31:32.55,20.12
120701,2022-08-05 00:32:32.78,20.53
120702,2022-08-05 00:33:33.04,20.12
120703,2022-08-05 00:34:33.28,20.26
120704,2022-08-05 00:35:33.52,20.45
120705,2022-08-05 00:36:33.78,20.28
120706,2022-08-05 00:37:34.01,20.52
120707,2022-08-05 00:38:34.25,20.35
120708,2022-08-05 00:39:34.48,20.32
120709,2022-08-05 00:40:34.79,20.3
120710,2022-08-05 00:41:34.72,20.4
120711,2022-08-05 00:42:34.95,20.19
120712,2022-08-05 00:43:35.25,20.43
120713,2022-08-05 00:44:35.46,20.29
120714,2022-08-05 00:45:35.73,20.18
120715,2022-08-05 00:46:35.95,20.09
120716,2022-08-05 00:47:36.20,20.84
120717,2022-08-05 00:48:36.45,20.11
120718,2022-08-05 00:49:36.73,20.31
120719,2022-08-05 00:50:36.97,20.35
120720,2022-08-05 00:51:37.20,20.15
120721,2022-08-05 00:52:37.43,20.35
120722,2022-08-05 00:53:37.67,20.3
120723,2022-08-05 00:54:37.90,20.26
120724,2022-08-05 00:55:38.15,20.3
120725,2022-08-05 00:56:38.44,20.52
120726,2022-08-05 00:57:38.67,20.31
120727,2022-08-05 00:58:38.92,20.41
120728,2022-08-05 00:59:39.15,20.16
120729,2022-08-05 01:00:39.38,20.48
120730,2022-08-05 01:01:39.62,20.39
120731,2022-08-05 01:02:39.84,20.07
120732,2022-08-05 01:03:40.11,20.5
120733,2022-08-05 01:04:40.39,20.44
120734,2022-08-05 01:05:40.67,20.56
120735,2022-08-05 01:06:40.94,20.11
120736,2022-08-05 01:07:41.22,21.84
120737,2022-08-05 01:08:41.46,20.44
120738,2022-08-05 01:09:41.72,20.22
120739,2022-08-05 01:10:42.02,20.37
120740,2022-08-05 01:11:41.96,21.91
120741,2022-08-05 01:12:42.23,20.45
120742,2022-08-05 01:13:42.47,20.18
120743,2022-08-05 01:14:42.69,20.28
120744,2022-08-05 01:15:42.96,20.36
120745,2022-08-05 01:16:43.19,20.45
120746,2022-08-05 01:17:43.41,20.2
120747,2022-08-05 01:18:43.61,20.37
120748,2022-08-05 01:19:43.89,20.29
120749,2022-08-05 01:20:44.09,20.18
120750,2022-08-05 01:21:44.33,20.38
120751,2022-08-05 01:22:44.55,20.1
120752,2022-08-05 01:23:44.78,20.32
120753,2022-08-05 01:24:44.98,20.25
120754,2022-08-05 01:25:45.19,20.28
120755,2022-08-05 01:26:45.43,20.48
120756,2022-08-05 01:27:45.66,20.26
120757,2022-08-05 01:28:45.91,21.04
120758,2022-08-05 01:29:46.13,22.66
120759,2022-08-05 01:30:46.40,20.21
120760,2022-08-05 01:31:46.62,20.26
120761,2022-08-05 01:32:46.86,20.2
120762,2022-08-05 01:33:47.09,19.97
120763,2022-08-05 01:34:47.33,20.24
120764,2022-08-05 01:35:47.55,20.38
120765,2022-08-05 01:36:47.78,20.34
120766,2022-08-05 01:37:48.00,20.61
120767,2022-08-05 01:38:48.20,20.34
120768,2022-08-05 01:39:48.46,20.77
120769,2022-08-05 01:40:48.70,20.18
120770,2022-08-05 01:41:48.93,20.4
120771,2022-08-05 01:42:49.13,20.12
120772,2022-08-05 01:43:49.37,20.09
120773,2022-08-05 01:44:49.58,21.1
120774,2022-08-05 01:45:49.81,21.11
120775,2022-08-05 01:46:50.04,20.22
120776,2022-08-05 01:47:50.26,20.25
120777,2022-08-05 01:48:50.50,20.27
120778,2022-08-05 01:49:50.73,20.33
120779,2022-08-05 01:50:50.93,20.26
120780,2022-08-05 01:51:51.15,20.35
120781,2022-08-05 01:52:51.37,20.21
120782,2022-08-05 01:53:51.58,20.29
120783,2022-08-05 01:54:51.81,20.26
120784,2022-08-05 01:55:52.03,20.5
120785,2022-08-05 01:56:52.27,20.37
120786,2022-08-05 01:57:52.48,20.36
120787,2022-08-05 01:58:52.73,20.28
120788,2022-08-05 01:59:52.97,20.31
120789,2022-08-05 02:00:53.19,20.27
120790,2022-08-05 02:01:53.41,20.21
120791,2022-08-05 02:02:53.63,20.33
120792,2022-08-05 02:03:53.85,20.53
120793,2022-08-05 02:04:54.09,20.33
120794,2022-08-05 02:05:54.33,20.45
120795,2022-08-05 02:06:54.57,20.05
120796,2022-08-05 02:07:54.79,20.04
120797,2022-08-05 02:08:54.99,20.26
120798,2022-08-05 02:09:55.21,20.32
120799,2022-08-05 02:10:55.42,20.27
120800,2022-08-05 02:11:55.66,20.57
120801,2022-08-05 02:12:55.88,20.39
120802,2022-08-05 02:13:56.10,20.28
120803,2022-08-05 02:14:56.34,20.39
120804,2022-08-05 02:15:56.59,20.21
120805,2022-08-05 02:16:56.81,20.17
120806,2022-08-05 02:17:57.02,20.32
120807,2022-08-05 02:18:57.25,20.34
120808,2022-08-05 02:19:57.46,20.23
120809,2022-08-05 02:20:57.70,20.29
120810,2022-08-05 02:21:57.92,20.44
120811,2022-08-05 02:22:58.16,20.07
120812,2022-08-05 02:23:58.39,20.82
120813,2022-08-05 02:24:58.61,20.22
120814,2022-08-05 02:25:58.82,20.63
120815,2022-08-05 02:26:59.04,20.1
120816,2022-08-05 02:27:59.31,20.33
120817,2022-08-05 02:28:59.51,20.25
120818,2022-08-05 02:29:59.75,20.34
120819,2022-08-05 02:30:59.98,20.31
120820,2022-08-05 02:32:00.21,20.15
120821,2022-08-05 02:33:00.45,21.46
120822,2022-08-05 02:34:00.67,20.17
120823,2022-08-05 02:35:00.90,20.6
120824,2022-08-05 02:36:01.14,20.29
120825,2022-08-05 02:37:01.42,20.3
120826,2022-08-05 02:38:01.64,20.23
120827,2022-08-05 02:39:01.85,20.3
120828,2022-08-05 02:40:02.09,20.65
120829,2022-08-05 02:41:02.31,20.53
120830,2022-08-05 02:42:02.57,20.12
120831,2022-08-05 02:43:02.82,20.5
120832,2022-08-05 02:44:03.04,20.4
120833,2022-08-05 02:45:03.29,20.2
120834,2022-08-05 02:46:03.52,20.5
120835,2022-08-05 02:47:03.72,20.34
120836,2022-08-05 02:48:03.95,20.13
120837,2022-08-05 02:49:04.18,20.95
120838,2022-08-05 02:50:04.41,20.2
120839,2022-08-05 02:51:04.63,20.46
120840,2022-08-05 02:52:04.87,20.34
120841,2022-08-05 02:53:05.10,20.68
120842,2022-08-05 02:54:05.35,20.27
120843,2022-08-05 02:55:05.55,20.29
120844,2022-08-05 02:56:05.79,20.5
120845,2022-08-05 02:57:06.05,20.05
120846,2022-08-05 02:58:06.27,20.11
120847,2022-08-05 02:59:06.50,20.78
120848,2022-08-05 03:00:06.72,20.57
120849,2022-08-05 03:01:06.95,20.14
120850,2022-08-05 03:02:07.17,20.25
120851,2022-08-05 03:03:07.39,20.26
120852,2022-08-05 03:04:07.64,20.13
120853,2022-08-05 03:05:07.88,20.9
120854,2022-08-05 03:06:08.10,22.85
120855,2022-08-05 03:07:08.33,20.37
120856,2022-08-05 03:08:08.54,20.29
120857,2022-08-05 03:09:08.77,20.45
120858,2022-08-05 03:10:09.03,20.15
120859,2022-08-05 03:11:09.25,20.3
120860,2022-08-05 03:12:09.47,20.4
120861,2022-08-05 03:13:09.73,20.36
120862,2022-08-05 03:14:09.96,20.29
120863,2022-08-05 03:15:10.19,20.25
120864,2022-08-05 03:16:10.42,20.46
120865,2022-08-05 03:17:10.67,20.22
120866,2022-08-05 03:18:10.89,20.44
120867,2022-08-05 03:19:11.09,20.41
120868,2022-08-05 03:20:11.32,20.17
120869,2022-08-05 03:21:11.53,20.28
120870,2022-08-05 03:22:11.75,20.34
120871,2022-08-05 03:23:12.01,20.3
120872,2022-08-05 03:24:12.21,20.48
120873,2022-08-05 03:25:12.43,21.76
120874,2022-08-05 03:26:12.67,20.03
120875,2022-08-05 03:27:12.91,20.63
120876,2022-08-05 03:28:13.14,20.39
120877,2022-08-05 03:29:13.35,20.38
120878,2022-08-05 03:30:13.56,20.24
120879,2022-08-05 03:31:13.78,20.53
120880,2022-08-05 03:32:14.02,20.15
120881,2022-08-05 03:33:14.23,21.74
120882,2022-08-05 03:34:14.45,20.35
120883,2022-08-05 03:35:14.69,20.06
120884,2022-08-05 03:36:14.93,20.33
120885,2022-08-05 03:37:15.19,20.05
120886,2022-08-05 03:38:15.42,20.39
120887,2022-08-05 03:39:15.65,20.48
120888,2022-08-05 03:40:15.87,20.44
120889,2022-08-05 03:41:16.09,20.2
120890,2022-08-05 03:42:16.32,20.31
120891,2022-08-05 03:43:16.55,20.35
120892,2022-08-05 03:44:16.77,21.23
120893,2022-08-05 03:45:17.00,20.42
120894,2022-08-05 03:46:17.25,20.45
120895,2022-08-05 03:47:17.50,20.25
120896,2022-08-05 03:48:17.74,20.44
120897,2022-08-05 03:49:17.97,20.33
120898,2022-08-05 03:50:18.16,20.44
120899,2022-08-05 03:51:18.38,20.16
120900,2022-08-05 03:52:18.62,20.43
120901,2022-08-05 03:53:18.87,20.3
120902,2022-08-05 03:54:19.15,20.09
120903,2022-08-05 03:55:19.39,20.25
120904,2022-08-05 03:56:19.61,20.74
120905,2022-08-05 03:57:19.86,20.4
120906,2022-08-05 03:58:20.09,20.35
120907,2022-08-05 03:59:20.32,20.29
120908,2022-08-05 04:00:20.57,20.34
120909,2022-08-05 04:01:20.80,20.18
120910,2022-08-05 04:02:21.02,20.33
120911,2022-08-05 04:03:21.29,20.37
120912,2022-08-05 04:04:21.52,20.07
120913,2022-08-05 04:05:21.77,20.72
120914,2022-08-05 04:06:21.99,20.35
120915,2022-08-05 04:07:22.22,20.5
120916,2022-08-05 04:08:22.46,20.46
120917,2022-08-05 04:09:22.67,20.29
120918,2022-08-05 04:10:22.91,20.33
120919,2022-08-05 04:11:23.12,20.21
120920,2022-08-05 04:12:23.36,20.27
120921,2022-08-05 04:13:23.60,20.4
120922,2022-08-05 04:14:23.83,20.4
120923,2022-08-05 04:15:24.09,20.36
120924,2022-08-05 04:16:24.30,20.19
120925,2022-08-05 04:17:24.52,20.64
120926,2022-08-05 04:18:24.76,20.2
120927,2022-08-05 04:19:25.00,20.29
120928,2022-08-05 04:20:25.26,20.52
120929,2022-08-05 04:21:25.49,20.32
120930,2022-08-05 04:22:25.76,20.15
120931,2022-08-05 04:23:25.99,20.42
120932,2022-08-05 04:24:26.26,20.4
120933,2022-08-05 04:25:26.50,20.41
120934,2022-08-05 04:26:26.73,20.38
120935,2022-08-05 04:27:26.97,20.24
120936,2022-08-05 04:28:27.19,20.13
120937,2022-08-05 04:29:27.42,20.14
120938,2022-08-05 04:30:27.65,19.99
120939,2022-08-05 04:31:27.88,20.13
120940,2022-08-05 04:32:28.11,20.41
120941,2022-08-05 04:33:28.34,20.33
120942,2022-08-05 04:34:28.57,20.33
120943,2022-08-05 04:35:28.82,20.37
120944,2022-08-05 04:36:29.05,20.44
120945,2022-08-05 04:37:29.26,20.47
120946,2022-08-05 04:38:29.48,20.71
120947,2022-08-05 04:39:29.71,20.33
120948,2022-08-05 04:40:29.92,20.43
120949,2022-08-05 04:41:30.14,20.33
120950,2022-08-05 04:42:30.38,20.31
120951,2022-08-05 04:43:30.62,20.26
120952,2022-08-05 04:44:30.86,20.3
120953,2022-08-05 04:45:31.06,21.38
120954,2022-08-05 04:46:31.28,20.13
120955,2022-08-05 04:47:31.54,20.22
120956,2022-08-05 04:48:31.74,20.15
120957,2022-08-05 04:49:31.98,20.38
120958,2022-08-05 04:50:32.20,20.33
120959,2022-08-05 04:51:32.40,21.52
120960,2022-08-05 04:52:32.65,20.26
120961,2022-08-05 04:53:32.87,20.2
120962,2022-08-05 04:54:33.12,20.33
120963,2022-08-05 04:55:33.33,20.15
120964,2022-08-05 04:56:33.54,20.34
120965,2022-08-05 04:57:33.77,20.4
120966,2022-08-05 04:58:33.98,20.09
120967,2022-08-05 04:59:34.23,20.16
120968,2022-08-05 05:00:34.46,20.29
120969,2022-08-05 05:01:34.70,20.67
120970,2022-08-05 05:02:34.95,20.39
120971,2022-08-05 05:03:35.19,20.33
120972,2022-08-05 05:04:35.41,20.23
120973,2022-08-05 05:05:35.65,20.52
120974,2022-08-05 05:06:35.88,20.58
120975,2022-08-05 05:07:36.15,20.07
120976,2022-08-05 05:08:36.42,20.19
120977,2022-08-05 05:09:36.69,20.31
120978,2022-08-05 05:10:36.92,20.36
120979,2022-08-05 05:11:37.12,21.19
120980,2022-08-05 05:12:37.36,20.29
120981,2022-08-05 05:13:37.63,20.37
120982,2022-08-05 05:14:37.86,20.34
120983,2022-08-05 05:15:38.09,20.22
120984,2022-08-05 05:16:38.30,21.48
120985,2022-08-05 05:17:38.56,20.26
120986,2022-08-05 05:18:38.81,20.72
120987,2022-08-05 05:19:39.04,20.43
120988,2022-08-05 05:20:39.28,20.2
120989,2022-08-05 05:21:39.54,20.22
120990,2022-08-05 05:22:39.77,20.47
120991,2022-08-05 05:23:40.01,20.42
120992,2022-08-05 05:24:40.24,20.77
120993,2022-08-05 05:25:40.49,20.73
120994,2022-08-05 05:26:40.72,20.32
120995,2022-08-05 05:27:40.95,21.79
120996,2022-08-05 05:28:41.18,21.16
120997,2022-08-05 05:29:41.37,20.41
120998,2022-08-05 05:30:41.58,20.61
120999,2022-08-05 05:31:41.81,20.44
121000,2022-08-05 05:32:42.03,20.4
121001,2022-08-05 05:33:42.26,20.48
121002,2022-08-05 05:34:42.49,20.21
121003,2022-08-05 05:35:42.74,20.16
121004,2022-08-05 05:36:42.95,20.26
121005,2022-08-05 05:37:43.26,20.4
121006,2022-08-05 05:38:43.47,20.53
121007,2022-08-05 05:39:43.68,20.45
121008,2022-08-05 05:40:43.93,20.4
121009,2022-08-05 05:41:44.20,20.2
121010,2022-08-05 05:42:44.44,20.24
121011,2022-08-05 05:43:44.67,20.34
121012,2022-08-05 05:44:44.89,20.43
121013,2022-08-05 05:45:45.14,20.24
121014,2022-08-05 05:46:45.39,20.33
121015,2022-08-05 05:47:45.62,20.3
121016,2022-08-05 05:48:45.85,20.52
121017,2022-08-05 05:49:46.07,20.27
121018,2022-08-05 05:50:46.27,20.01
121019,2022-08-05 05:51:46.55,20.33
121020,2022-08-05 05:52:46.83,20.42
121021,2022-08-05 05:53:47.04,20.38
121022,2022-08-05 05:54:47.28,20.32
121023,2022-08-05 05:55:47.55,20.21
121024,2022-08-05 05:56:47.82,20.16
121025,2022-08-05 05:57:48.08,20.12
121026,2022-08-05 05:58:48.28,20.44
121027,2022-08-05 05:59:48.54,20.11
121028,2022-08-05 06:00:48.79,20.18
121029,2022-08-05 06:01:49.02,20.48
121030,2022-08-05 06:02:49.27,20.18
121031,2022-08-05 06:03:49.51,20.69
121032,2022-08-05 06:04:49.73,20.48
121033,2022-08-05 06:05:49.94,20.39
121034,2022-08-05 06:06:50.16,20.43
121035,2022-08-05 06:07:50.42,20.37
121036,2022-08-05 06:08:50.64,20.34
121037,2022-08-05 06:09:50.88,20.23
121038,2022-08-05 06:10:51.12,20.59
121039,2022-08-05 06:11:51.34,20.29
121040,2022-08-05 06:12:51.60,20.62
121041,2022-08-05 06:13:51.82,20.53
121042,2022-08-05 06:14:52.05,20.16
121043,2022-08-05 06:15:52.26,20.32
121044,2022-08-05 06:16:52.51,26.73
121045,2022-08-05 06:17:52.75,20.81
121046,2022-08-05 06:18:53.02,20.39
121047,2022-08-05 06:19:53.25,20.12
121048,2022-08-05 06:20:53.49,23.87
121049,2022-08-05 06:21:53.79,20.36
121050,2022-08-05 06:22:54.00,20.58
121051,2022-08-05 06:23:54.24,21.1
121052,2022-08-05 06:24:54.48,20.27
121053,2022-08-05 06:25:54.71,20.22
121054,2022-08-05 06:26:54.92,27.01
121055,2022-08-05 06:27:55.19,20.33
121056,2022-08-05 06:28:55.42,20.36
121057,2022-08-05 06:29:55.66,20.21
121058,2022-08-05 06:30:55.88,20.23
121059,2022-08-05 06:31:56.11,20.41
121060,2022-08-05 06:32:56.35,20.37
121061,2022-08-05 06:33:56.58,20.16
121062,2022-08-05 06:34:56.81,20.34
121063,2022-08-05 06:35:57.01,20.41
121064,2022-08-05 06:36:57.24,20.36
121065,2022-08-05 06:37:57.51,20.33
121066,2022-08-05 06:38:57.71,20.42
121067,2022-08-05 06:39:57.95,20.5
121068,2022-08-05 06:40:58.18,20.38
121069,2022-08-05 06:41:58.42,20.55
121070,2022-08-05 06:42:58.67,20.3
121071,2022-08-05 06:43:58.89,20.13
121072,2022-08-05 06:44:59.08,20.17
121073,2022-08-05 06:45:59.31,20.41
121074,2022-08-05 06:46:59.57,20.29
121075,2022-08-05 06:47:59.82,20.5
121076,2022-08-05 06:49:00.04,20.23
121077,2022-08-05 06:50:00.27,20.19
121078,2022-08-05 06:51:00.49,20.39
121079,2022-08-05 06:52:00.73,20.3
121080,2022-08-05 06:53:00.95,20.24
121081,2022-08-05 06:54:01.16,20.1
121082,2022-08-05 06:55:01.37,20.37
121083,2022-08-05 06:56:01.65,20.53
121084,2022-08-05 06:57:01.87,20.73
121085,2022-08-05 06:58:02.12,20.21
121086,2022-08-05 06:59:02.34,20.16
121087,2022-08-05 07:00:02.61,20.12
121088,2022-08-05 07:01:02.84,20.43
121089,2022-08-05 07:02:03.06,20.38
121090,2022-08-05 07:03:03.28,20.44
121091,2022-08-05 07:04:03.51,20.23
121092,2022-08-05 07:05:03.73,20.38
121093,2022-08-05 07:06:03.97,20.36
121094,2022-08-05 07:07:04.23,20.53
121095,2022-08-05 07:08:04.46,20.32
121096,2022-08-05 07:09:04.72,20.29
121097,2022-08-05 07:10:04.95,20.24
121098,2022-08-05 07:11:05.17,20.49
121099,2022-08-05 07:12:05.42,20.34
121100,2022-08-05 07:13:05.65,20.19
121101,2022-08-05 07:14:05.85,20.32
121102,2022-08-05 07:15:06.08,20.36
121103,2022-08-05 07:16:06.28,20.25
121104,2022-08-05 07:17:06.51,20.33
121105,2022-08-05 07:18:06.75,20.34
121106,2022-08-05 07:19:07.02,20.49
121107,2022-08-05 07:20:07.24,20.59
121108,2022-08-05 07:21:07.48,20.41
121109,2022-08-05 07:22:07.73,20.27
121110,2022-08-05 07:23:07.94,20.45
121111,2022-08-05 07:24:08.17,20.39
121112,2022-08-05 07:25:08.39,20.42
121113,2022-08-05 07:26:08.61,20.32
121114,2022-08-05 07:27:08.86,20.25
121115,2022-08-05 07:28:09.14,20.42
121116,2022-08-05 07:29:09.38,20.3
121117,2022-08-05 07:30:09.63,20.5
121118,2022-08-05 07:31:09.87,20.14
121119,2022-08-05 07:32:10.08,20.53
121120,2022-08-05 07:33:10.32,20.31
121121,2022-08-05 07:34:10.53,20.21
121122,2022-08-05 07:35:10.75,20.44
121123,2022-08-05 07:36:11.02,20.23
121124,2022-08-05 07:37:11.23,20.37
121125,2022-08-05 07:38:11.46,20.49
121126,2022-08-05 07:39:11.69,20.45
121127,2022-08-05 07:40:11.93,20.48
121128,2022-08-05 07:41:12.14,20.36
121129,2022-08-05 07:42:12.36,20.53
121130,2022-08-05 07:43:12.59,20.29
121131,2022-08-05 07:44:12.81,20.26
121132,2022-08-05 07:45:13.05,20.03
121133,2022-08-05 07:46:13.29,20.4
121134,2022-08-05 07:47:13.54,20.37
121135,2022-08-05 07:48:13.77,20.5
121136,2022-08-05 07:49:13.99,20.16
121137,2022-08-05 07:50:14.21,20.42
121138,2022-08-05 07:51:14.43,20.32
121139,2022-08-05 07:52:14.66,20.27
121140,2022-08-05 07:53:14.87,20.22
121141,2022-08-05 07:54:15.11,20.35
121142,2022-08-05 07:55:15.34,20.41
121143,2022-08-05 07:56:15.59,20.34
121144,2022-08-05 07:57:15.85,20.21
121145,2022-08-05 07:58:16.13,20.55
121146,2022-08-05 07:59:16.36,20.27
121147,2022-08-05 08:00:16.59,20.31
121148,2022-08-05 08:01:16.82,20.39
121149,2022-08-05 08:02:17.01,20.19
121150,2022-08-05 08:03:17.26,20.66
121151,2022-08-05 08:04:17.49,20.33
121152,2022-08-05 08:05:17.72,20.63
121153,2022-08-05 08:06:17.99,20.27
121154,2022-08-05 08:07:18.29,20.35
121155,2022-08-05 08:08:18.55,20.42
121156,2022-08-05 08:09:18.83,20.03
121157,2022-08-05 08:10:19.06,20.16
121158,2022-08-05 08:11:19.30,20.02
121159,2022-08-05 08:12:19.57,20.35
121160,2022-08-05 08:13:19.81,20.11
121161,2022-08-05 08:14:20.07,20.38
121162,2022-08-05 08:15:20.29,20.29
121163,2022-08-05 08:16:20.58,20.33
121164,2022-08-05 08:17:20.80,20.27
121165,2022-08-05 08:18:21.03,20.25
121166,2022-08-05 08:19:21.25,20.27
121167,2022-08-05 08:20:21.49,20.32
121168,2022-08-05 08:21:21.73,20.3
121169,2022-08-05 08:22:22.00,20.48
121170,2022-08-05 08:23:22.29,20.23
121171,2022-08-05 08:24:22.48,20.28
121172,2022-08-05 08:25:22.71,20.35
121173,2022-08-05 08:26:22.92,20.12
121174,2022-08-05 08:27:23.13,20.24
121175,2022-08-05 08:28:23.36,20.29
121176,2022-08-05 08:29:23.58,20.2
121177,2022-08-05 08:30:23.81,20.43
121178,2022-08-05 08:31:24.03,20.17
121179,2022-08-05 08:32:24.30,20.16
121180,2022-08-05 08:33:24.52,20.43
121181,2022-08-05 08:34:24.77,20.44
121182,2022-08-05 08:35:25.00,20.32
121183,2022-08-05 08:36:25.21,20.46
121184,2022-08-05 08:37:25.43,20.27
121185,2022-08-05 08:38:25.66,20.29
121186,2022-08-05 08:39:25.89,20.43
121187,2022-08-05 08:40:26.17,20.54
121188,2022-08-05 08:41:26.38,20.37
121189,2022-08-05 08:42:26.61,20.51
121190,2022-08-05 08:43:26.82,20.54
121191,2022-08-05 08:44:27.07,20.2
121192,2022-08-05 08:45:27.26,20.16
121193,2022-08-05 08:46:27.49,20.44
121194,2022-08-05 08:47:27.70,20.46
121195,2022-08-05 08:48:27.93,20.41
121196,2022-08-05 08:49:28.13,31.8
121197,2022-08-05 08:50:28.39,48.99
121198,2022-08-05 08:51:28.63,62.08
